[0;37m/opt/homebrew/opt/llvm/bin/clang -v -E -x c++ -
[0m[0;37mExtracting declarations
[0mmax-errors=200: found enough documentation problems; translation units not yet started will be skipped

An issue occurred during execution.
If you believe this is a bug, please report it at https://github.com/cppalliance/mrdocs/issues
with the following details:
    MrDocs Version: 0.8.0 (Build: bc8722535fba9a2811a8f9d0cadfe04e4248478b)
    Reported From: `src/mrdocs/Support/ExecutionContext.cpp` at line 126

[0;37mFinalizing corpus
[0m/Users/alandefreitas/Documents/Code/C++/mrdocs/local/demo-forks/llvm/llvm/include/llvm/ADT/APFloat.h:1647:3:
    1) isNegPowerOf2: function is undocumented
  1647 |   LLVM_READONLY
       |   ^~~~~~~~~~~~~


An issue occurred during execution.
If you believe this is a bug, please report it at https://github.com/cppalliance/mrdocs/issues
with the following details:
    MrDocs Version: 0.8.0 (Build: bc8722535fba9a2811a8f9d0cadfe04e4248478b)
    Reported From: `src/mrdocs/Metadata/Finalizers/DocCommentFinalizer.cpp` at line 1658

/Users/alandefreitas/Documents/Code/C++/mrdocs/local/demo-forks/llvm/llvm/include/llvm/ADT/APFloat.h:1643:3:
    1) isPowerOf2: function is undocumented
  1643 |   LLVM_READONLY
       |   ^~~~~~~~~~~~~


An issue occurred during execution.
If you believe this is a bug, please report it at https://github.com/cppalliance/mrdocs/issues
with the following details:
    MrDocs Version: 0.8.0 (Build: bc8722535fba9a2811a8f9d0cadfe04e4248478b)
    Reported From: `src/mrdocs/Metadata/Finalizers/DocCommentFinalizer.cpp` at line 1658

/Users/alandefreitas/Documents/Code/C++/mrdocs/local/demo-forks/llvm/llvm/include/llvm/ADT/APFloat.h:1630:3:
    1) getExactLog2Abs: function is undocumented
  1630 |   LLVM_READONLY
       |   ^~~~~~~~~~~~~


An issue occurred during execution.
If you believe this is a bug, please report it at https://github.com/cppalliance/mrdocs/issues
with the following details:
    MrDocs Version: 0.8.0 (Build: bc8722535fba9a2811a8f9d0cadfe04e4248478b)
    Reported From: `src/mrdocs/Metadata/Finalizers/DocCommentFinalizer.cpp` at line 1658

/Users/alandefreitas/Documents/Code/C++/mrdocs/local/demo-forks/llvm/llvm/include/llvm/ADT/APFloat.h:1621:3:
    1) dump: function is undocumented
  1621 |   LLVM_DUMP_METHOD void dump() const;
       |   ^~~~~~~~~~~~~~~~~~~~~~~~~~~~~~~~~~~


An issue occurred during execution.
If you believe this is a bug, please report it at https://github.com/cppalliance/mrdocs/issues
with the following details:
    MrDocs Version: 0.8.0 (Build: bc8722535fba9a2811a8f9d0cadfe04e4248478b)
    Reported From: `src/mrdocs/Metadata/Finalizers/DocCommentFinalizer.cpp` at line 1658

/Users/alandefreitas/Documents/Code/C++/mrdocs/local/demo-forks/llvm/llvm/include/llvm/ADT/APFloat.h:1618:12:
    1) print: function is undocumented
  1618 |   LLVM_ABI void print(raw_ostream &) const;
       |            ^~~~~~~~~~~~~~~~~~~~~~~~~~~~~~~~


An issue occurred during execution.
If you believe this is a bug, please report it at https://github.com/cppalliance/mrdocs/issues
with the following details:
    MrDocs Version: 0.8.0 (Build: bc8722535fba9a2811a8f9d0cadfe04e4248478b)
    Reported From: `src/mrdocs/Metadata/Finalizers/DocCommentFinalizer.cpp` at line 1658

/Users/alandefreitas/Documents/Code/C++/mrdocs/local/demo-forks/llvm/llvm/include/llvm/ADT/APFloat.h:1610:3:
    1) operator=: function is undocumented
  1610 |   APFloat &operator=(APFloat &&RHS) = default;
       |   ^~~~~~~~~~~~~~~~~~~~~~~~~~~~~~~~~~~~~~~~~~~~


An issue occurred during execution.
If you believe this is a bug, please report it at https://github.com/cppalliance/mrdocs/issues
with the following details:
    MrDocs Version: 0.8.0 (Build: bc8722535fba9a2811a8f9d0cadfe04e4248478b)
    Reported From: `src/mrdocs/Metadata/Finalizers/DocCommentFinalizer.cpp` at line 1658

/Users/alandefreitas/Documents/Code/C++/mrdocs/local/demo-forks/llvm/llvm/include/llvm/ADT/APFloat.h:1594:3:
    1) isSmallestNormalized: function is undocumented
  1594 |   bool isSmallestNormalized() const {
       |   ^~~~~~~~~~~~~~~~~~~~~~~~~~~~~~~~~~~


An issue occurred during execution.
If you believe this is a bug, please report it at https://github.com/cppalliance/mrdocs/issues
with the following details:
    MrDocs Version: 0.8.0 (Build: bc8722535fba9a2811a8f9d0cadfe04e4248478b)
    Reported From: `src/mrdocs/Metadata/Finalizers/DocCommentFinalizer.cpp` at line 1658

/Users/alandefreitas/Documents/Code/C++/mrdocs/local/demo-forks/llvm/llvm/include/llvm/ADT/APFloat.h:1591:3:
    1) isLargest: function is undocumented
  1591 |   bool isLargest() const { APFLOAT_DISPATCH_ON_SEMANTICS(isLargest()); }
       |   ^~~~~~~~~~~~~~~~~~~~~~~~~~~~~~~~~~~~~~~~~~~~~~~~~~~~~~~~~~~~~~~~~~~~~~


An issue occurred during execution.
If you believe this is a bug, please report it at https://github.com/cppalliance/mrdocs/issues
with the following details:
    MrDocs Version: 0.8.0 (Build: bc8722535fba9a2811a8f9d0cadfe04e4248478b)
    Reported From: `src/mrdocs/Metadata/Finalizers/DocCommentFinalizer.cpp` at line 1658

/Users/alandefreitas/Documents/Code/C++/mrdocs/local/demo-forks/llvm/llvm/include/llvm/ADT/APFloat.h:1590:3:
    1) isSmallest: function is undocumented
  1590 |   bool isSmallest() const { APFLOAT_DISPATCH_ON_SEMANTICS(isSmallest()); }
       |   ^~~~~~~~~~~~~~~~~~~~~~~~~~~~~~~~~~~~~~~~~~~~~~~~~~~~~~~~~~~~~~~~~~~~~~~~


An issue occurred during execution.
If you believe this is a bug, please report it at https://github.com/cppalliance/mrdocs/issues
with the following details:
    MrDocs Version: 0.8.0 (Build: bc8722535fba9a2811a8f9d0cadfe04e4248478b)
    Reported From: `src/mrdocs/Metadata/Finalizers/DocCommentFinalizer.cpp` at line 1658

/Users/alandefreitas/Documents/Code/C++/mrdocs/local/demo-forks/llvm/llvm/include/llvm/ADT/APFloat.h:1589:3:
    1) isNegInfinity: function is undocumented
  1589 |   bool isNegInfinity() const { return isInfinity() && isNegative(); }
       |   ^~~~~~~~~~~~~~~~~~~~~~~~~~~~~~~~~~~~~~~~~~~~~~~~~~~~~~~~~~~~~~~~~~~


An issue occurred during execution.
If you believe this is a bug, please report it at https://github.com/cppalliance/mrdocs/issues
with the following details:
    MrDocs Version: 0.8.0 (Build: bc8722535fba9a2811a8f9d0cadfe04e4248478b)
    Reported From: `src/mrdocs/Metadata/Finalizers/DocCommentFinalizer.cpp` at line 1658

/Users/alandefreitas/Documents/Code/C++/mrdocs/local/demo-forks/llvm/llvm/include/llvm/ADT/APFloat.h:1588:3:
    1) isPosInfinity: function is undocumented
  1588 |   bool isPosInfinity() const { return isInfinity() && !isNegative(); }
       |   ^~~~~~~~~~~~~~~~~~~~~~~~~~~~~~~~~~~~~~~~~~~~~~~~~~~~~~~~~~~~~~~~~~~~


An issue occurred during execution.
If you believe this is a bug, please report it at https://github.com/cppalliance/mrdocs/issues
with the following details:
    MrDocs Version: 0.8.0 (Build: bc8722535fba9a2811a8f9d0cadfe04e4248478b)
    Reported From: `src/mrdocs/Metadata/Finalizers/DocCommentFinalizer.cpp` at line 1658

/Users/alandefreitas/Documents/Code/C++/mrdocs/local/demo-forks/llvm/llvm/include/llvm/ADT/APFloat.h:1587:3:
    1) isNegZero: function is undocumented
  1587 |   bool isNegZero() const { return isZero() && isNegative(); }
       |   ^~~~~~~~~~~~~~~~~~~~~~~~~~~~~~~~~~~~~~~~~~~~~~~~~~~~~~~~~~~


An issue occurred during execution.
If you believe this is a bug, please report it at https://github.com/cppalliance/mrdocs/issues
with the following details:
    MrDocs Version: 0.8.0 (Build: bc8722535fba9a2811a8f9d0cadfe04e4248478b)
    Reported From: `src/mrdocs/Metadata/Finalizers/DocCommentFinalizer.cpp` at line 1658

/Users/alandefreitas/Documents/Code/C++/mrdocs/local/demo-forks/llvm/llvm/include/llvm/ADT/APFloat.h:1586:3:
    1) isPosZero: function is undocumented
  1586 |   bool isPosZero() const { return isZero() && !isNegative(); }
       |   ^~~~~~~~~~~~~~~~~~~~~~~~~~~~~~~~~~~~~~~~~~~~~~~~~~~~~~~~~~~~


An issue occurred during execution.
If you believe this is a bug, please report it at https://github.com/cppalliance/mrdocs/issues
with the following details:
    MrDocs Version: 0.8.0 (Build: bc8722535fba9a2811a8f9d0cadfe04e4248478b)
    Reported From: `src/mrdocs/Metadata/Finalizers/DocCommentFinalizer.cpp` at line 1658

/Users/alandefreitas/Documents/Code/C++/mrdocs/local/demo-forks/llvm/llvm/include/llvm/ADT/APFloat.h:1585:3:
    1) isFiniteNonZero: function is undocumented
  1585 |   bool isFiniteNonZero() const { return isFinite() && !isZero(); }
       |   ^~~~~~~~~~~~~~~~~~~~~~~~~~~~~~~~~~~~~~~~~~~~~~~~~~~~~~~~~~~~~~~~


An issue occurred during execution.
If you believe this is a bug, please report it at https://github.com/cppalliance/mrdocs/issues
with the following details:
    MrDocs Version: 0.8.0 (Build: bc8722535fba9a2811a8f9d0cadfe04e4248478b)
    Reported From: `src/mrdocs/Metadata/Finalizers/DocCommentFinalizer.cpp` at line 1658

/Users/alandefreitas/Documents/Code/C++/mrdocs/local/demo-forks/llvm/llvm/include/llvm/ADT/APFloat.h:1584:3:
    1) isNonZero: function is undocumented
  1584 |   bool isNonZero() const { return !isZero(); }
       |   ^~~~~~~~~~~~~~~~~~~~~~~~~~~~~~~~~~~~~~~~~~~~


An issue occurred during execution.
If you believe this is a bug, please report it at https://github.com/cppalliance/mrdocs/issues
with the following details:
    MrDocs Version: 0.8.0 (Build: bc8722535fba9a2811a8f9d0cadfe04e4248478b)
    Reported From: `src/mrdocs/Metadata/Finalizers/DocCommentFinalizer.cpp` at line 1658

/Users/alandefreitas/Documents/Code/C++/mrdocs/local/demo-forks/llvm/llvm/include/llvm/ADT/APFloat.h:1580:3:
    1) isFinite: function is undocumented
  1580 |   bool isFinite() const { return !isNaN() && !isInfinity(); }
       |   ^~~~~~~~~~~~~~~~~~~~~~~~~~~~~~~~~~~~~~~~~~~~~~~~~~~~~~~~~~~


An issue occurred during execution.
If you believe this is a bug, please report it at https://github.com/cppalliance/mrdocs/issues
with the following details:
    MrDocs Version: 0.8.0 (Build: bc8722535fba9a2811a8f9d0cadfe04e4248478b)
    Reported From: `src/mrdocs/Metadata/Finalizers/DocCommentFinalizer.cpp` at line 1658

/Users/alandefreitas/Documents/Code/C++/mrdocs/local/demo-forks/llvm/llvm/include/llvm/ADT/APFloat.h:1579:3:
    1) isNormal: function is undocumented
  1579 |   bool isNormal() const { return !isDenormal() && isFiniteNonZero(); }
       |   ^~~~~~~~~~~~~~~~~~~~~~~~~~~~~~~~~~~~~~~~~~~~~~~~~~~~~~~~~~~~~~~~~~~~


An issue occurred during execution.
If you believe this is a bug, please report it at https://github.com/cppalliance/mrdocs/issues
with the following details:
    MrDocs Version: 0.8.0 (Build: bc8722535fba9a2811a8f9d0cadfe04e4248478b)
    Reported From: `src/mrdocs/Metadata/Finalizers/DocCommentFinalizer.cpp` at line 1658

/Users/alandefreitas/Documents/Code/C++/mrdocs/local/demo-forks/llvm/llvm/include/llvm/ADT/APFloat.h:1577:3:
    1) isSignaling: function is undocumented
  1577 |   bool isSignaling() const { return getIEEE().isSignaling(); }
       |   ^~~~~~~~~~~~~~~~~~~~~~~~~~~~~~~~~~~~~~~~~~~~~~~~~~~~~~~~~~~~


An issue occurred during execution.
If you believe this is a bug, please report it at https://github.com/cppalliance/mrdocs/issues
with the following details:
    MrDocs Version: 0.8.0 (Build: bc8722535fba9a2811a8f9d0cadfe04e4248478b)
    Reported From: `src/mrdocs/Metadata/Finalizers/DocCommentFinalizer.cpp` at line 1658

/Users/alandefreitas/Documents/Code/C++/mrdocs/local/demo-forks/llvm/llvm/include/llvm/ADT/APFloat.h:1575:3:
    1) isNegative: function is undocumented
  1575 |   bool isNegative() const { return getIEEE().isNegative(); }
       |   ^~~~~~~~~~~~~~~~~~~~~~~~~~~~~~~~~~~~~~~~~~~~~~~~~~~~~~~~~~


An issue occurred during execution.
If you believe this is a bug, please report it at https://github.com/cppalliance/mrdocs/issues
with the following details:
    MrDocs Version: 0.8.0 (Build: bc8722535fba9a2811a8f9d0cadfe04e4248478b)
    Reported From: `src/mrdocs/Metadata/Finalizers/DocCommentFinalizer.cpp` at line 1658

/Users/alandefreitas/Documents/Code/C++/mrdocs/local/demo-forks/llvm/llvm/include/llvm/ADT/APFloat.h:1573:3:
    1) isNaN: function is undocumented
  1573 |   bool isNaN() const { return getCategory() == fcNaN; }
       |   ^~~~~~~~~~~~~~~~~~~~~~~~~~~~~~~~~~~~~~~~~~~~~~~~~~~~~


An issue occurred during execution.
If you believe this is a bug, please report it at https://github.com/cppalliance/mrdocs/issues
with the following details:
    MrDocs Version: 0.8.0 (Build: bc8722535fba9a2811a8f9d0cadfe04e4248478b)
    Reported From: `src/mrdocs/Metadata/Finalizers/DocCommentFinalizer.cpp` at line 1658

/Users/alandefreitas/Documents/Code/C++/mrdocs/local/demo-forks/llvm/llvm/include/llvm/ADT/APFloat.h:1572:3:
    1) isInfinity: function is undocumented
  1572 |   bool isInfinity() const { return getCategory() == fcInfinity; }
       |   ^~~~~~~~~~~~~~~~~~~~~~~~~~~~~~~~~~~~~~~~~~~~~~~~~~~~~~~~~~~~~~~


An issue occurred during execution.
If you believe this is a bug, please report it at https://github.com/cppalliance/mrdocs/issues
with the following details:
    MrDocs Version: 0.8.0 (Build: bc8722535fba9a2811a8f9d0cadfe04e4248478b)
    Reported From: `src/mrdocs/Metadata/Finalizers/DocCommentFinalizer.cpp` at line 1658

/Users/alandefreitas/Documents/Code/C++/mrdocs/local/demo-forks/llvm/llvm/include/llvm/ADT/APFloat.h:1571:3:
    1) isZero: function is undocumented
  1571 |   bool isZero() const { return getCategory() == fcZero; }
       |   ^~~~~~~~~~~~~~~~~~~~~~~~~~~~~~~~~~~~~~~~~~~~~~~~~~~~~~~


An issue occurred during execution.
If you believe this is a bug, please report it at https://github.com/cppalliance/mrdocs/issues
with the following details:
    MrDocs Version: 0.8.0 (Build: bc8722535fba9a2811a8f9d0cadfe04e4248478b)
    Reported From: `src/mrdocs/Metadata/Finalizers/DocCommentFinalizer.cpp` at line 1658

/Users/alandefreitas/Documents/Code/C++/mrdocs/local/demo-forks/llvm/llvm/include/llvm/ADT/APFloat.h:1565:3:
    1) convertToHexString: function is undocumented
  1565 |   unsigned int convertToHexString(char *DST, unsigned int HexDigits,
       |   ^~~~~~~~~~~~~~~~~~~~~~~~~~~~~~~~~~~~~~~~~~~~~~~~~~~~~~~~~~~~~~~~~~


An issue occurred during execution.
If you believe this is a bug, please report it at https://github.com/cppalliance/mrdocs/issues
with the following details:
    MrDocs Version: 0.8.0 (Build: bc8722535fba9a2811a8f9d0cadfe04e4248478b)
    Reported From: `src/mrdocs/Metadata/Finalizers/DocCommentFinalizer.cpp` at line 1658

/Users/alandefreitas/Documents/Code/C++/mrdocs/local/demo-forks/llvm/llvm/include/llvm/ADT/APFloat.h:1530:3:
    1) compareAbsoluteValue: function is undocumented
  1530 |   cmpResult compareAbsoluteValue(const APFloat &RHS) const {
       |   ^~~~~~~~~~~~~~~~~~~~~~~~~~~~~~~~~~~~~~~~~~~~~~~~~~~~~~~~~~


An issue occurred during execution.
If you believe this is a bug, please report it at https://github.com/cppalliance/mrdocs/issues
with the following details:
    MrDocs Version: 0.8.0 (Build: bc8722535fba9a2811a8f9d0cadfe04e4248478b)
    Reported From: `src/mrdocs/Metadata/Finalizers/DocCommentFinalizer.cpp` at line 1658

/Users/alandefreitas/Documents/Code/C++/mrdocs/local/demo-forks/llvm/llvm/include/llvm/ADT/APFloat.h:1511:3:
    1) operator>=: function is undocumented
  1511 |   bool operator>=(const APFloat &RHS) const {
       |   ^~~~~~~~~~~~~~~~~~~~~~~~~~~~~~~~~~~~~~~~~~~


An issue occurred during execution.
If you believe this is a bug, please report it at https://github.com/cppalliance/mrdocs/issues
with the following details:
    MrDocs Version: 0.8.0 (Build: bc8722535fba9a2811a8f9d0cadfe04e4248478b)
    Reported From: `src/mrdocs/Metadata/Finalizers/DocCommentFinalizer.cpp` at line 1658

/Users/alandefreitas/Documents/Code/C++/mrdocs/local/demo-forks/llvm/llvm/include/llvm/ADT/APFloat.h:1498:3:
    1) operator<: function is undocumented
  1498 |   bool operator<(const APFloat &RHS) const {
       |   ^~~~~~~~~~~~~~~~~~~~~~~~~~~~~~~~~~~~~~~~~~


An issue occurred during execution.
If you believe this is a bug, please report it at https://github.com/cppalliance/mrdocs/issues
with the following details:
    MrDocs Version: 0.8.0 (Build: bc8722535fba9a2811a8f9d0cadfe04e4248478b)
    Reported From: `src/mrdocs/Metadata/Finalizers/DocCommentFinalizer.cpp` at line 1658

/Users/alandefreitas/Documents/Code/C++/mrdocs/local/demo-forks/llvm/llvm/include/llvm/ADT/APFloat.h:1496:3:
    1) operator!=: function is undocumented
  1496 |   bool operator!=(const APFloat &RHS) const { return compare(RHS) != cmpEqual; }
       |   ^~~~~~~~~~~~~~~~~~~~~~~~~~~~~~~~~~~~~~~~~~~~~~~~~~~~~~~~~~~~~~~~~~~~~~~~~~~~~~


An issue occurred during execution.
If you believe this is a bug, please report it at https://github.com/cppalliance/mrdocs/issues
with the following details:
    MrDocs Version: 0.8.0 (Build: bc8722535fba9a2811a8f9d0cadfe04e4248478b)
    Reported From: `src/mrdocs/Metadata/Finalizers/DocCommentFinalizer.cpp` at line 1658

/Users/alandefreitas/Documents/Code/C++/mrdocs/local/demo-forks/llvm/llvm/include/llvm/ADT/APFloat.h:1494:3:
    1) operator==: function is undocumented
  1494 |   bool operator==(const APFloat &RHS) const { return compare(RHS) == cmpEqual; }
       |   ^~~~~~~~~~~~~~~~~~~~~~~~~~~~~~~~~~~~~~~~~~~~~~~~~~~~~~~~~~~~~~~~~~~~~~~~~~~~~~


An issue occurred during execution.
If you believe this is a bug, please report it at https://github.com/cppalliance/mrdocs/issues
with the following details:
    MrDocs Version: 0.8.0 (Build: bc8722535fba9a2811a8f9d0cadfe04e4248478b)
    Reported From: `src/mrdocs/Metadata/Finalizers/DocCommentFinalizer.cpp` at line 1658

/Users/alandefreitas/Documents/Code/C++/mrdocs/local/demo-forks/llvm/llvm/include/llvm/ADT/APFloat.h:1467:3:
    1) bitcastToAPInt: function is undocumented
  1467 |   APInt bitcastToAPInt() const {
       |   ^~~~~~~~~~~~~~~~~~~~~~~~~~~~~~


An issue occurred during execution.
If you believe this is a bug, please report it at https://github.com/cppalliance/mrdocs/issues
with the following details:
    MrDocs Version: 0.8.0 (Build: bc8722535fba9a2811a8f9d0cadfe04e4248478b)
    Reported From: `src/mrdocs/Metadata/Finalizers/DocCommentFinalizer.cpp` at line 1658

/Users/alandefreitas/Documents/Code/C++/mrdocs/local/demo-forks/llvm/llvm/include/llvm/ADT/APFloat.h:1437:12:
    1) convertToInteger: function is undocumented
  1437 |   LLVM_ABI opStatus convertToInteger(APSInt &Result, roundingMode RM,
       |            ^~~~~~~~~~~~~~~~~~~~~~~~~~~~~~~~~~~~~~~~~~~~~~~~~~~~~~~~~~


An issue occurred during execution.
If you believe this is a bug, please report it at https://github.com/cppalliance/mrdocs/issues
with the following details:
    MrDocs Version: 0.8.0 (Build: bc8722535fba9a2811a8f9d0cadfe04e4248478b)
    Reported From: `src/mrdocs/Metadata/Finalizers/DocCommentFinalizer.cpp` at line 1658

/Users/alandefreitas/Documents/Code/C++/mrdocs/local/demo-forks/llvm/llvm/include/llvm/ADT/APFloat.h:1428:3:
    1) convertToInteger: function is undocumented
  1428 |   opStatus convertToInteger(MutableArrayRef<integerPart> Input,
       |   ^~~~~~~~~~~~~~~~~~~~~~~~~~~~~~~~~~~~~~~~~~~~~~~~~~~~~~~~~~~~~


An issue occurred during execution.
If you believe this is a bug, please report it at https://github.com/cppalliance/mrdocs/issues
with the following details:
    MrDocs Version: 0.8.0 (Build: bc8722535fba9a2811a8f9d0cadfe04e4248478b)
    Reported From: `src/mrdocs/Metadata/Finalizers/DocCommentFinalizer.cpp` at line 1658

/Users/alandefreitas/Documents/Code/C++/mrdocs/local/demo-forks/llvm/llvm/include/llvm/ADT/APFloat.h:1398:3:
    1) copySign: function is undocumented
  1398 |   void copySign(const APFloat &RHS) {
       |   ^~~~~~~~~~~~~~~~~~~~~~~~~~~~~~~~~~~


An issue occurred during execution.
If you believe this is a bug, please report it at https://github.com/cppalliance/mrdocs/issues
with the following details:
    MrDocs Version: 0.8.0 (Build: bc8722535fba9a2811a8f9d0cadfe04e4248478b)
    Reported From: `src/mrdocs/Metadata/Finalizers/DocCommentFinalizer.cpp` at line 1658

/Users/alandefreitas/Documents/Code/C++/mrdocs/local/demo-forks/llvm/llvm/include/llvm/ADT/APFloat.h:1394:3:
    1) clearSign: function is undocumented
  1394 |   void clearSign() {
       |   ^~~~~~~~~~~~~~~~~~


An issue occurred during execution.
If you believe this is a bug, please report it at https://github.com/cppalliance/mrdocs/issues
with the following details:
    MrDocs Version: 0.8.0 (Build: bc8722535fba9a2811a8f9d0cadfe04e4248478b)
    Reported From: `src/mrdocs/Metadata/Finalizers/DocCommentFinalizer.cpp` at line 1658

/Users/alandefreitas/Documents/Code/C++/mrdocs/local/demo-forks/llvm/llvm/include/llvm/ADT/APFloat.h:1350:3:
    1) next: function is undocumented
  1350 |   opStatus next(bool nextDown) {
       |   ^~~~~~~~~~~~~~~~~~~~~~~~~~~~~~


An issue occurred during execution.
If you believe this is a bug, please report it at https://github.com/cppalliance/mrdocs/issues
with the following details:
    MrDocs Version: 0.8.0 (Build: bc8722535fba9a2811a8f9d0cadfe04e4248478b)
    Reported From: `src/mrdocs/Metadata/Finalizers/DocCommentFinalizer.cpp` at line 1658

/Users/alandefreitas/Documents/Code/C++/mrdocs/local/demo-forks/llvm/llvm/include/llvm/ADT/APFloat.h:1344:3:
    1) roundToIntegral: function is undocumented
  1344 |   opStatus roundToIntegral(roundingMode RM) {
       |   ^~~~~~~~~~~~~~~~~~~~~~~~~~~~~~~~~~~~~~~~~~~


An issue occurred during execution.
If you believe this is a bug, please report it at https://github.com/cppalliance/mrdocs/issues
with the following details:
    MrDocs Version: 0.8.0 (Build: bc8722535fba9a2811a8f9d0cadfe04e4248478b)
    Reported From: `src/mrdocs/Metadata/Finalizers/DocCommentFinalizer.cpp` at line 1658

/Users/alandefreitas/Documents/Code/C++/mrdocs/local/demo-forks/llvm/llvm/include/llvm/ADT/APFloat.h:1331:3:
    1) fusedMultiplyAdd: function is undocumented
  1331 |   opStatus fusedMultiplyAdd(const APFloat &Multiplicand, const APFloat &Addend,
       |   ^~~~~~~~~~~~~~~~~~~~~~~~~~~~~~~~~~~~~~~~~~~~~~~~~~~~~~~~~~~~~~~~~~~~~~~~~~~~~


An issue occurred during execution.
If you believe this is a bug, please report it at https://github.com/cppalliance/mrdocs/issues
with the following details:
    MrDocs Version: 0.8.0 (Build: bc8722535fba9a2811a8f9d0cadfe04e4248478b)
    Reported From: `src/mrdocs/Metadata/Finalizers/DocCommentFinalizer.cpp` at line 1658

/Users/alandefreitas/Documents/Code/C++/mrdocs/local/demo-forks/llvm/llvm/include/llvm/ADT/APFloat.h:1322:3:
    1) mod: function is undocumented
  1322 |   opStatus mod(const APFloat &RHS) {
       |   ^~~~~~~~~~~~~~~~~~~~~~~~~~~~~~~~~~


An issue occurred during execution.
If you believe this is a bug, please report it at https://github.com/cppalliance/mrdocs/issues
with the following details:
    MrDocs Version: 0.8.0 (Build: bc8722535fba9a2811a8f9d0cadfe04e4248478b)
    Reported From: `src/mrdocs/Metadata/Finalizers/DocCommentFinalizer.cpp` at line 1658

/Users/alandefreitas/Documents/Code/C++/mrdocs/local/demo-forks/llvm/llvm/include/llvm/ADT/APFloat.h:1313:3:
    1) remainder: function is undocumented
  1313 |   opStatus remainder(const APFloat &RHS) {
       |   ^~~~~~~~~~~~~~~~~~~~~~~~~~~~~~~~~~~~~~~~


An issue occurred during execution.
If you believe this is a bug, please report it at https://github.com/cppalliance/mrdocs/issues
with the following details:
    MrDocs Version: 0.8.0 (Build: bc8722535fba9a2811a8f9d0cadfe04e4248478b)
    Reported From: `src/mrdocs/Metadata/Finalizers/DocCommentFinalizer.cpp` at line 1658

/Users/alandefreitas/Documents/Code/C++/mrdocs/local/demo-forks/llvm/llvm/include/llvm/ADT/APFloat.h:1304:3:
    1) divide: function is undocumented
  1304 |   opStatus divide(const APFloat &RHS, roundingMode RM) {
       |   ^~~~~~~~~~~~~~~~~~~~~~~~~~~~~~~~~~~~~~~~~~~~~~~~~~~~~~


An issue occurred during execution.
If you believe this is a bug, please report it at https://github.com/cppalliance/mrdocs/issues
with the following details:
    MrDocs Version: 0.8.0 (Build: bc8722535fba9a2811a8f9d0cadfe04e4248478b)
    Reported From: `src/mrdocs/Metadata/Finalizers/DocCommentFinalizer.cpp` at line 1658

/Users/alandefreitas/Documents/Code/C++/mrdocs/local/demo-forks/llvm/llvm/include/llvm/ADT/APFloat.h:1295:3:
    1) multiply: function is undocumented
  1295 |   opStatus multiply(const APFloat &RHS, roundingMode RM) {
       |   ^~~~~~~~~~~~~~~~~~~~~~~~~~~~~~~~~~~~~~~~~~~~~~~~~~~~~~~~


An issue occurred during execution.
If you believe this is a bug, please report it at https://github.com/cppalliance/mrdocs/issues
with the following details:
    MrDocs Version: 0.8.0 (Build: bc8722535fba9a2811a8f9d0cadfe04e4248478b)
    Reported From: `src/mrdocs/Metadata/Finalizers/DocCommentFinalizer.cpp` at line 1658

/Users/alandefreitas/Documents/Code/C++/mrdocs/local/demo-forks/llvm/llvm/include/llvm/ADT/APFloat.h:1286:3:
    1) subtract: function is undocumented
  1286 |   opStatus subtract(const APFloat &RHS, roundingMode RM) {
       |   ^~~~~~~~~~~~~~~~~~~~~~~~~~~~~~~~~~~~~~~~~~~~~~~~~~~~~~~~


An issue occurred during execution.
If you believe this is a bug, please report it at https://github.com/cppalliance/mrdocs/issues
with the following details:
    MrDocs Version: 0.8.0 (Build: bc8722535fba9a2811a8f9d0cadfe04e4248478b)
    Reported From: `src/mrdocs/Metadata/Finalizers/DocCommentFinalizer.cpp` at line 1658

/Users/alandefreitas/Documents/Code/C++/mrdocs/local/demo-forks/llvm/llvm/include/llvm/ADT/APFloat.h:1277:3:
    1) add: function is undocumented
  1277 |   opStatus add(const APFloat &RHS, roundingMode RM) {
       |   ^~~~~~~~~~~~~~~~~~~~~~~~~~~~~~~~~~~~~~~~~~~~~~~~~~~


An issue occurred during execution.
If you believe this is a bug, please report it at https://github.com/cppalliance/mrdocs/issues
with the following details:
    MrDocs Version: 0.8.0 (Build: bc8722535fba9a2811a8f9d0cadfe04e4248478b)
    Reported From: `src/mrdocs/Metadata/Finalizers/DocCommentFinalizer.cpp` at line 1658

/Users/alandefreitas/Documents/Code/C++/mrdocs/local/demo-forks/llvm/llvm/include/llvm/ADT/APFloat.h:1170:3:
    1) needsCleanup: function is undocumented
  1170 |   bool needsCleanup() const { APFLOAT_DISPATCH_ON_SEMANTICS(needsCleanup()); }
       |   ^~~~~~~~~~~~~~~~~~~~~~~~~~~~~~~~~~~~~~~~~~~~~~~~~~~~~~~~~~~~~~~~~~~~~~~~~~~~


An issue occurred during execution.
If you believe this is a bug, please report it at https://github.com/cppalliance/mrdocs/issues
with the following details:
    MrDocs Version: 0.8.0 (Build: bc8722535fba9a2811a8f9d0cadfe04e4248478b)
    Reported From: `src/mrdocs/Metadata/Finalizers/DocCommentFinalizer.cpp` at line 1658

/Users/alandefreitas/Documents/Code/C++/mrdocs/local/demo-forks/llvm/llvm/include/llvm/ADT/APFloat.h:1168:3:
    1) ~APFloat: function is undocumented
  1168 |   ~APFloat() = default;
       |   ^~~~~~~~~~~~~~~~~~~~~


An issue occurred during execution.
If you believe this is a bug, please report it at https://github.com/cppalliance/mrdocs/issues
with the following details:
    MrDocs Version: 0.8.0 (Build: bc8722535fba9a2811a8f9d0cadfe04e4248478b)
    Reported From: `src/mrdocs/Metadata/Finalizers/DocCommentFinalizer.cpp` at line 1658

/Users/alandefreitas/Documents/Code/C++/mrdocs/local/demo-forks/llvm/llvm/include/llvm/ADT/APFloat.h:1166:3:
    1) APFloat: function is undocumented
  1166 |   APFloat(APFloat &&RHS) = default;
       |   ^~~~~~~~~~~~~~~~~~~~~~~~~~~~~~~~~


An issue occurred during execution.
If you believe this is a bug, please report it at https://github.com/cppalliance/mrdocs/issues
with the following details:
    MrDocs Version: 0.8.0 (Build: bc8722535fba9a2811a8f9d0cadfe04e4248478b)
    Reported From: `src/mrdocs/Metadata/Finalizers/DocCommentFinalizer.cpp` at line 1658

/Users/alandefreitas/Documents/Code/C++/mrdocs/local/demo-forks/llvm/llvm/include/llvm/ADT/APFloat.h:1165:3:
    1) APFloat: function is undocumented
  1165 |   APFloat(const APFloat &RHS) = default;
       |   ^~~~~~~~~~~~~~~~~~~~~~~~~~~~~~~~~~~~~~


An issue occurred during execution.
If you believe this is a bug, please report it at https://github.com/cppalliance/mrdocs/issues
with the following details:
    MrDocs Version: 0.8.0 (Build: bc8722535fba9a2811a8f9d0cadfe04e4248478b)
    Reported From: `src/mrdocs/Metadata/Finalizers/DocCommentFinalizer.cpp` at line 1658

/Users/alandefreitas/Documents/Code/C++/mrdocs/local/demo-forks/llvm/llvm/include/llvm/ADT/APFloat.h:1164:3:
    1) APFloat: function is undocumented
  1164 |   explicit APFloat(float f) : U(IEEEFloat(f), IEEEsingle()) {}
       |   ^~~~~~~~~~~~~~~~~~~~~~~~~~~~~~~~~~~~~~~~~~~~~~~~~~~~~~~~~~~~


An issue occurred during execution.
If you believe this is a bug, please report it at https://github.com/cppalliance/mrdocs/issues
with the following details:
    MrDocs Version: 0.8.0 (Build: bc8722535fba9a2811a8f9d0cadfe04e4248478b)
    Reported From: `src/mrdocs/Metadata/Finalizers/DocCommentFinalizer.cpp` at line 1658

/Users/alandefreitas/Documents/Code/C++/mrdocs/local/demo-forks/llvm/llvm/include/llvm/ADT/APFloat.h:1163:3:
    1) APFloat: function is undocumented
  1163 |   explicit APFloat(double d) : U(IEEEFloat(d), IEEEdouble()) {}
       |   ^~~~~~~~~~~~~~~~~~~~~~~~~~~~~~~~~~~~~~~~~~~~~~~~~~~~~~~~~~~~~


An issue occurred during execution.
If you believe this is a bug, please report it at https://github.com/cppalliance/mrdocs/issues
with the following details:
    MrDocs Version: 0.8.0 (Build: bc8722535fba9a2811a8f9d0cadfe04e4248478b)
    Reported From: `src/mrdocs/Metadata/Finalizers/DocCommentFinalizer.cpp` at line 1658

/Users/alandefreitas/Documents/Code/C++/mrdocs/local/demo-forks/llvm/llvm/include/llvm/ADT/APFloat.h:1160:3:
    1) APFloat: function is undocumented
  1160 |   APFloat(const fltSemantics &Semantics, uninitializedTag)
       |   ^~~~~~~~~~~~~~~~~~~~~~~~~~~~~~~~~~~~~~~~~~~~~~~~~~~~~~~~


An issue occurred during execution.
If you believe this is a bug, please report it at https://github.com/cppalliance/mrdocs/issues
with the following details:
    MrDocs Version: 0.8.0 (Build: bc8722535fba9a2811a8f9d0cadfe04e4248478b)
    Reported From: `src/mrdocs/Metadata/Finalizers/DocCommentFinalizer.cpp` at line 1658

/Users/alandefreitas/Documents/Code/C++/mrdocs/local/demo-forks/llvm/llvm/include/llvm/ADT/APFloat.h:1156:3:
    1) APFloat: function is undocumented
  1156 |   template <typename T,
       |   ^~~~~~~~~~~~~~~~~~~~~


An issue occurred during execution.
If you believe this is a bug, please report it at https://github.com/cppalliance/mrdocs/issues
with the following details:
    MrDocs Version: 0.8.0 (Build: bc8722535fba9a2811a8f9d0cadfe04e4248478b)
    Reported From: `src/mrdocs/Metadata/Finalizers/DocCommentFinalizer.cpp` at line 1658

/Users/alandefreitas/Documents/Code/C++/mrdocs/local/demo-forks/llvm/llvm/include/llvm/ADT/APFloat.h:1155:3:
    1) APFloat: function is undocumented
  1155 |   APFloat(const fltSemantics &Semantics, integerPart I) : U(Semantics, I) {}
       |   ^~~~~~~~~~~~~~~~~~~~~~~~~~~~~~~~~~~~~~~~~~~~~~~~~~~~~~~~~~~~~~~~~~~~~~~~~~


An issue occurred during execution.
If you believe this is a bug, please report it at https://github.com/cppalliance/mrdocs/issues
with the following details:
    MrDocs Version: 0.8.0 (Build: bc8722535fba9a2811a8f9d0cadfe04e4248478b)
    Reported From: `src/mrdocs/Metadata/Finalizers/DocCommentFinalizer.cpp` at line 1658

/Users/alandefreitas/Documents/Code/C++/mrdocs/local/demo-forks/llvm/llvm/include/llvm/ADT/APFloat.h:1154:12:
    1) APFloat: function is undocumented
  1154 |   LLVM_ABI APFloat(const fltSemantics &Semantics, StringRef S);
       |            ^~~~~~~~~~~~~~~~~~~~~~~~~~~~~~~~~~~~~~~~~~~~~~~~~~~~


An issue occurred during execution.
If you believe this is a bug, please report it at https://github.com/cppalliance/mrdocs/issues
with the following details:
    MrDocs Version: 0.8.0 (Build: bc8722535fba9a2811a8f9d0cadfe04e4248478b)
    Reported From: `src/mrdocs/Metadata/Finalizers/DocCommentFinalizer.cpp` at line 1658

/Users/alandefreitas/Documents/Code/C++/mrdocs/local/demo-forks/llvm/llvm/include/llvm/ADT/APFloat.h:1153:3:
    1) APFloat: function is undocumented
  1153 |   APFloat(const fltSemantics &Semantics) : U(Semantics) {}
       |   ^~~~~~~~~~~~~~~~~~~~~~~~~~~~~~~~~~~~~~~~~~~~~~~~~~~~~~~~


An issue occurred during execution.
If you believe this is a bug, please report it at https://github.com/cppalliance/mrdocs/issues
with the following details:
    MrDocs Version: 0.8.0 (Build: bc8722535fba9a2811a8f9d0cadfe04e4248478b)
    Reported From: `src/mrdocs/Metadata/Finalizers/DocCommentFinalizer.cpp` at line 1658

/Users/alandefreitas/Documents/Code/C++/mrdocs/local/demo-forks/llvm/llvm/include/llvm/ADT/APFloat.h:1061:3:
    1) hasExplicitIntegerBit: variable is undocumented
  1061 |   bool hasExplicitIntegerBit = false;
       |   ^~~~~~~~~~~~~~~~~~~~~~~~~~~~~~~~~~~


An issue occurred during execution.
If you believe this is a bug, please report it at https://github.com/cppalliance/mrdocs/issues
with the following details:
    MrDocs Version: 0.8.0 (Build: bc8722535fba9a2811a8f9d0cadfe04e4248478b)
    Reported From: `src/mrdocs/Metadata/Finalizers/DocCommentFinalizer.cpp` at line 1658

/Users/alandefreitas/Documents/Code/C++/mrdocs/local/demo-forks/llvm/llvm/include/llvm/ADT/APFloat.h:1047:3:
    1) hasDenormals: variable is undocumented
  1047 |   bool hasDenormals = true;
       |   ^~~~~~~~~~~~~~~~~~~~~~~~~


An issue occurred during execution.
If you believe this is a bug, please report it at https://github.com/cppalliance/mrdocs/issues
with the following details:
    MrDocs Version: 0.8.0 (Build: bc8722535fba9a2811a8f9d0cadfe04e4248478b)
    Reported From: `src/mrdocs/Metadata/Finalizers/DocCommentFinalizer.cpp` at line 1658

/Users/alandefreitas/Documents/Code/C++/mrdocs/local/demo-forks/llvm/llvm/include/llvm/ADT/APFloat.h:1039:3:
    1) hasSignedRepr: variable is undocumented
  1039 |   bool hasSignedRepr = true;
       |   ^~~~~~~~~~~~~~~~~~~~~~~~~~


An issue occurred during execution.
If you believe this is a bug, please report it at https://github.com/cppalliance/mrdocs/issues
with the following details:
    MrDocs Version: 0.8.0 (Build: bc8722535fba9a2811a8f9d0cadfe04e4248478b)
    Reported From: `src/mrdocs/Metadata/Finalizers/DocCommentFinalizer.cpp` at line 1658

/Users/alandefreitas/Documents/Code/C++/mrdocs/local/demo-forks/llvm/llvm/include/llvm/ADT/APFloat.h:1031:3:
    1) nonFiniteBehavior: variable is undocumented
  1031 |   fltNonfiniteBehavior nonFiniteBehavior = fltNonfiniteBehavior::IEEE754;
       |   ^~~~~~~~~~~~~~~~~~~~~~~~~~~~~~~~~~~~~~~~~~~~~~~~~~~~~~~~~~~~~~~~~~~~~~~


An issue occurred during execution.
If you believe this is a bug, please report it at https://github.com/cppalliance/mrdocs/issues
with the following details:
    MrDocs Version: 0.8.0 (Build: bc8722535fba9a2811a8f9d0cadfe04e4248478b)
    Reported From: `src/mrdocs/Metadata/Finalizers/DocCommentFinalizer.cpp` at line 1658

/Users/alandefreitas/Documents/Code/C++/mrdocs/local/demo-forks/llvm/llvm/include/llvm/ADT/APFloat.h:1029:3:
    1) sizeInBits: variable is undocumented
  1029 |   unsigned int sizeInBits;
       |   ^~~~~~~~~~~~~~~~~~~~~~~~


An issue occurred during execution.
If you believe this is a bug, please report it at https://github.com/cppalliance/mrdocs/issues
with the following details:
    MrDocs Version: 0.8.0 (Build: bc8722535fba9a2811a8f9d0cadfe04e4248478b)
    Reported From: `src/mrdocs/Metadata/Finalizers/DocCommentFinalizer.cpp` at line 1658

/Users/alandefreitas/Documents/Code/C++/mrdocs/local/demo-forks/llvm/llvm/include/llvm/ADT/APFloat.h:1022:3:
    1) minExponent: variable is undocumented
  1022 |   APFloatBase::ExponentType minExponent;
       |   ^~~~~~~~~~~~~~~~~~~~~~~~~~~~~~~~~~~~~~


An issue occurred during execution.
If you believe this is a bug, please report it at https://github.com/cppalliance/mrdocs/issues
with the following details:
    MrDocs Version: 0.8.0 (Build: bc8722535fba9a2811a8f9d0cadfe04e4248478b)
    Reported From: `src/mrdocs/Metadata/Finalizers/DocCommentFinalizer.cpp` at line 1658

/Users/alandefreitas/Documents/Code/C++/mrdocs/local/demo-forks/llvm/llvm/include/llvm/ADT/APFloat.h:1018:3:
    1) maxExponent: variable is undocumented
  1018 |   APFloatBase::ExponentType maxExponent;
       |   ^~~~~~~~~~~~~~~~~~~~~~~~~~~~~~~~~~~~~~


An issue occurred during execution.
If you believe this is a bug, please report it at https://github.com/cppalliance/mrdocs/issues
with the following details:
    MrDocs Version: 0.8.0 (Build: bc8722535fba9a2811a8f9d0cadfe04e4248478b)
    Reported From: `src/mrdocs/Metadata/Finalizers/DocCommentFinalizer.cpp` at line 1658

/Users/alandefreitas/Documents/Code/C++/mrdocs/local/demo-forks/llvm/llvm/include/llvm/ADT/APFloat.h:1011:3:
    1) llvm::fltNanEncoding::NegativeZero: Missing documentation for enum value
  1011 |   NegativeZero,
       |   ^~~~~~~~~~~~~


An issue occurred during execution.
If you believe this is a bug, please report it at https://github.com/cppalliance/mrdocs/issues
with the following details:
    MrDocs Version: 0.8.0 (Build: bc8722535fba9a2811a8f9d0cadfe04e4248478b)
    Reported From: `src/mrdocs/Metadata/Finalizers/DocCommentFinalizer.cpp` at line 1658

/Users/alandefreitas/Documents/Code/C++/mrdocs/local/demo-forks/llvm/llvm/include/llvm/ADT/APFloat.h:1004:3:
    1) llvm::fltNanEncoding::AllOnes: Missing documentation for enum value
  1004 |   AllOnes,
       |   ^~~~~~~~


An issue occurred during execution.
If you believe this is a bug, please report it at https://github.com/cppalliance/mrdocs/issues
with the following details:
    MrDocs Version: 0.8.0 (Build: bc8722535fba9a2811a8f9d0cadfe04e4248478b)
    Reported From: `src/mrdocs/Metadata/Finalizers/DocCommentFinalizer.cpp` at line 1658

/Users/alandefreitas/Documents/Code/C++/mrdocs/local/demo-forks/llvm/llvm/include/llvm/ADT/APFloat.h:996:3:
    1) llvm::fltNanEncoding::IEEE: Missing documentation for enum value
  996 |   IEEE,
      |   ^~~~~


An issue occurred during execution.
If you believe this is a bug, please report it at https://github.com/cppalliance/mrdocs/issues
with the following details:
    MrDocs Version: 0.8.0 (Build: bc8722535fba9a2811a8f9d0cadfe04e4248478b)
    Reported From: `src/mrdocs/Metadata/Finalizers/DocCommentFinalizer.cpp` at line 1658

/Users/alandefreitas/Documents/Code/C++/mrdocs/local/demo-forks/llvm/llvm/include/llvm/ADT/APFloat.h:993:1:
    1) fltNanEncoding: enum is undocumented
  993 | enum class fltNanEncoding {
      | ^~~~~~~~~~~~~~~~~~~~~~~~~~~


An issue occurred during execution.
If you believe this is a bug, please report it at https://github.com/cppalliance/mrdocs/issues
with the following details:
    MrDocs Version: 0.8.0 (Build: bc8722535fba9a2811a8f9d0cadfe04e4248478b)
    Reported From: `src/mrdocs/Metadata/Finalizers/DocCommentFinalizer.cpp` at line 1658

/Users/alandefreitas/Documents/Code/C++/mrdocs/local/demo-forks/llvm/llvm/include/llvm/ADT/APFloat.h:986:3:
    1) llvm::fltNonfiniteBehavior::FiniteOnly: Missing documentation for enum value
  986 |   FiniteOnly,
      |   ^~~~~~~~~~~


An issue occurred during execution.
If you believe this is a bug, please report it at https://github.com/cppalliance/mrdocs/issues
with the following details:
    MrDocs Version: 0.8.0 (Build: bc8722535fba9a2811a8f9d0cadfe04e4248478b)
    Reported From: `src/mrdocs/Metadata/Finalizers/DocCommentFinalizer.cpp` at line 1658

/Users/alandefreitas/Documents/Code/C++/mrdocs/local/demo-forks/llvm/llvm/include/llvm/ADT/APFloat.h:982:3:
    1) llvm::fltNonfiniteBehavior::NanOnly: Missing documentation for enum value
  982 |   NanOnly,
      |   ^~~~~~~~


An issue occurred during execution.
If you believe this is a bug, please report it at https://github.com/cppalliance/mrdocs/issues
with the following details:
    MrDocs Version: 0.8.0 (Build: bc8722535fba9a2811a8f9d0cadfe04e4248478b)
    Reported From: `src/mrdocs/Metadata/Finalizers/DocCommentFinalizer.cpp` at line 1658

/Users/alandefreitas/Documents/Code/C++/mrdocs/local/demo-forks/llvm/llvm/include/llvm/ADT/APFloat.h:973:3:
    1) llvm::fltNonfiniteBehavior::IEEE754: Missing documentation for enum value
  973 |   IEEE754,
      |   ^~~~~~~~


An issue occurred during execution.
If you believe this is a bug, please report it at https://github.com/cppalliance/mrdocs/issues
with the following details:
    MrDocs Version: 0.8.0 (Build: bc8722535fba9a2811a8f9d0cadfe04e4248478b)
    Reported From: `src/mrdocs/Metadata/Finalizers/DocCommentFinalizer.cpp` at line 1658

/Users/alandefreitas/Documents/Code/C++/mrdocs/local/demo-forks/llvm/llvm/include/llvm/ADT/APFloat.h:969:1:
    1) fltNonfiniteBehavior: enum is undocumented
  969 | enum class fltNonfiniteBehavior {
      | ^~~~~~~~~~~~~~~~~~~~~~~~~~~~~~~~~


An issue occurred during execution.
If you believe this is a bug, please report it at https://github.com/cppalliance/mrdocs/issues
with the following details:
    MrDocs Version: 0.8.0 (Build: bc8722535fba9a2811a8f9d0cadfe04e4248478b)
    Reported From: `src/mrdocs/Metadata/Finalizers/DocCommentFinalizer.cpp` at line 1658

/Users/alandefreitas/Documents/Code/C++/mrdocs/local/demo-forks/llvm/llvm/include/llvm/ADT/APFloat.h:413:12:
    1) isRepresentableAsNormalIn: function is undocumented
  413 |   LLVM_ABI static bool isRepresentableAsNormalIn(const fltSemantics &Src,
      |            ^~~~~~~~~~~~~~~~~~~~~~~~~~~~~~~~~~~~~~~~~~~~~~~~~~~~~~~~~~~~~~


An issue occurred during execution.
If you believe this is a bug, please report it at https://github.com/cppalliance/mrdocs/issues
with the following details:
    MrDocs Version: 0.8.0 (Build: bc8722535fba9a2811a8f9d0cadfe04e4248478b)
    Reported From: `src/mrdocs/Metadata/Finalizers/DocCommentFinalizer.cpp` at line 1658

/Users/alandefreitas/Documents/Code/C++/mrdocs/local/demo-forks/llvm/llvm/include/llvm/ADT/APFloat.h:409:12:
    1) hasSignBitInMSB: function is undocumented
  409 |   LLVM_ABI static bool hasSignBitInMSB(const fltSemantics &);
      |            ^~~~~~~~~~~~~~~~~~~~~~~~~~~~~~~~~~~~~~~~~~~~~~~~~~


An issue occurred during execution.
If you believe this is a bug, please report it at https://github.com/cppalliance/mrdocs/issues
with the following details:
    MrDocs Version: 0.8.0 (Build: bc8722535fba9a2811a8f9d0cadfe04e4248478b)
    Reported From: `src/mrdocs/Metadata/Finalizers/DocCommentFinalizer.cpp` at line 1658

/Users/alandefreitas/Documents/Code/C++/mrdocs/local/demo-forks/llvm/llvm/include/llvm/ADT/APFloat.h:408:12:
    1) isIEEELikeFP: function is undocumented
  408 |   LLVM_ABI static bool isIEEELikeFP(const fltSemantics &);
      |            ^~~~~~~~~~~~~~~~~~~~~~~~~~~~~~~~~~~~~~~~~~~~~~~


An issue occurred during execution.
If you believe this is a bug, please report it at https://github.com/cppalliance/mrdocs/issues
with the following details:
    MrDocs Version: 0.8.0 (Build: bc8722535fba9a2811a8f9d0cadfe04e4248478b)
    Reported From: `src/mrdocs/Metadata/Finalizers/DocCommentFinalizer.cpp` at line 1658

/Users/alandefreitas/Documents/Code/C++/mrdocs/local/demo-forks/llvm/llvm/include/llvm/ADT/APFloat.h:406:12:
    1) semanticsHasInf: function is undocumented
  406 |   LLVM_ABI static bool semanticsHasInf(const fltSemantics &);
      |            ^~~~~~~~~~~~~~~~~~~~~~~~~~~~~~~~~~~~~~~~~~~~~~~~~~


An issue occurred during execution.
If you believe this is a bug, please report it at https://github.com/cppalliance/mrdocs/issues
with the following details:
    MrDocs Version: 0.8.0 (Build: bc8722535fba9a2811a8f9d0cadfe04e4248478b)
    Reported From: `src/mrdocs/Metadata/Finalizers/DocCommentFinalizer.cpp` at line 1658

/Users/alandefreitas/Documents/Code/C++/mrdocs/local/demo-forks/llvm/llvm/include/llvm/ADT/APFloat.h:405:12:
    1) semanticsHasSignedRepr: function is undocumented
  405 |   LLVM_ABI static bool semanticsHasSignedRepr(const fltSemantics &);
      |            ^~~~~~~~~~~~~~~~~~~~~~~~~~~~~~~~~~~~~~~~~~~~~~~~~~~~~~~~~


An issue occurred during execution.
If you believe this is a bug, please report it at https://github.com/cppalliance/mrdocs/issues
with the following details:
    MrDocs Version: 0.8.0 (Build: bc8722535fba9a2811a8f9d0cadfe04e4248478b)
    Reported From: `src/mrdocs/Metadata/Finalizers/DocCommentFinalizer.cpp` at line 1658

/Users/alandefreitas/Documents/Code/C++/mrdocs/local/demo-forks/llvm/llvm/include/llvm/ADT/APFloat.h:404:12:
    1) semanticsHasZero: function is undocumented
  404 |   LLVM_ABI static bool semanticsHasZero(const fltSemantics &);
      |            ^~~~~~~~~~~~~~~~~~~~~~~~~~~~~~~~~~~~~~~~~~~~~~~~~~~


An issue occurred during execution.
If you believe this is a bug, please report it at https://github.com/cppalliance/mrdocs/issues
with the following details:
    MrDocs Version: 0.8.0 (Build: bc8722535fba9a2811a8f9d0cadfe04e4248478b)
    Reported From: `src/mrdocs/Metadata/Finalizers/DocCommentFinalizer.cpp` at line 1658

/Users/alandefreitas/Documents/Code/C++/mrdocs/local/demo-forks/llvm/llvm/include/llvm/ADT/APFloat.h:402:12:
    1) semanticsIntSizeInBits: function is undocumented
  402 |   LLVM_ABI static unsigned int semanticsIntSizeInBits(const fltSemantics &,
      |            ^~~~~~~~~~~~~~~~~~~~~~~~~~~~~~~~~~~~~~~~~~~~~~~~~~~~~~~~~~~~~~~~


An issue occurred during execution.
If you believe this is a bug, please report it at https://github.com/cppalliance/mrdocs/issues
with the following details:
    MrDocs Version: 0.8.0 (Build: bc8722535fba9a2811a8f9d0cadfe04e4248478b)
    Reported From: `src/mrdocs/Metadata/Finalizers/DocCommentFinalizer.cpp` at line 1658

/Users/alandefreitas/Documents/Code/C++/mrdocs/local/demo-forks/llvm/llvm/include/llvm/ADT/APFloat.h:401:12:
    1) semanticsSizeInBits: function is undocumented
  401 |   LLVM_ABI static unsigned int semanticsSizeInBits(const fltSemantics &);
      |            ^~~~~~~~~~~~~~~~~~~~~~~~~~~~~~~~~~~~~~~~~~~~~~~~~~~~~~~~~~~~~~


An issue occurred during execution.
If you believe this is a bug, please report it at https://github.com/cppalliance/mrdocs/issues
with the following details:
    MrDocs Version: 0.8.0 (Build: bc8722535fba9a2811a8f9d0cadfe04e4248478b)
    Reported From: `src/mrdocs/Metadata/Finalizers/DocCommentFinalizer.cpp` at line 1658

/Users/alandefreitas/Documents/Code/C++/mrdocs/local/demo-forks/llvm/llvm/include/llvm/ADT/APFloat.h:400:12:
    1) semanticsMaxExponent: function is undocumented
  400 |   LLVM_ABI static ExponentType semanticsMaxExponent(const fltSemantics &);
      |            ^~~~~~~~~~~~~~~~~~~~~~~~~~~~~~~~~~~~~~~~~~~~~~~~~~~~~~~~~~~~~~~


An issue occurred during execution.
If you believe this is a bug, please report it at https://github.com/cppalliance/mrdocs/issues
with the following details:
    MrDocs Version: 0.8.0 (Build: bc8722535fba9a2811a8f9d0cadfe04e4248478b)
    Reported From: `src/mrdocs/Metadata/Finalizers/DocCommentFinalizer.cpp` at line 1658

/Users/alandefreitas/Documents/Code/C++/mrdocs/local/demo-forks/llvm/llvm/include/llvm/ADT/APFloat.h:399:12:
    1) semanticsMinExponent: function is undocumented
  399 |   LLVM_ABI static ExponentType semanticsMinExponent(const fltSemantics &);
      |            ^~~~~~~~~~~~~~~~~~~~~~~~~~~~~~~~~~~~~~~~~~~~~~~~~~~~~~~~~~~~~~~


An issue occurred during execution.
If you believe this is a bug, please report it at https://github.com/cppalliance/mrdocs/issues
with the following details:
    MrDocs Version: 0.8.0 (Build: bc8722535fba9a2811a8f9d0cadfe04e4248478b)
    Reported From: `src/mrdocs/Metadata/Finalizers/DocCommentFinalizer.cpp` at line 1658

/Users/alandefreitas/Documents/Code/C++/mrdocs/local/demo-forks/llvm/llvm/include/llvm/ADT/APFloat.h:398:12:
    1) semanticsPrecision: function is undocumented
  398 |   LLVM_ABI static unsigned int semanticsPrecision(const fltSemantics &);
      |            ^~~~~~~~~~~~~~~~~~~~~~~~~~~~~~~~~~~~~~~~~~~~~~~~~~~~~~~~~~~~~


An issue occurred during execution.
If you believe this is a bug, please report it at https://github.com/cppalliance/mrdocs/issues
with the following details:
    MrDocs Version: 0.8.0 (Build: bc8722535fba9a2811a8f9d0cadfe04e4248478b)
    Reported From: `src/mrdocs/Metadata/Finalizers/DocCommentFinalizer.cpp` at line 1658

/Users/alandefreitas/Documents/Code/C++/mrdocs/local/demo-forks/llvm/llvm/include/llvm/ADT/APFloat.h:395:5:
    1) llvm::APFloatBase::IlogbErrorKinds::IEK_Inf: Missing documentation for enum value
  395 |     IEK_Inf = INT_MAX
      |     ^~~~~~~~~~~~~~~~~


An issue occurred during execution.
If you believe this is a bug, please report it at https://github.com/cppalliance/mrdocs/issues
with the following details:
    MrDocs Version: 0.8.0 (Build: bc8722535fba9a2811a8f9d0cadfe04e4248478b)
    Reported From: `src/mrdocs/Metadata/Finalizers/DocCommentFinalizer.cpp` at line 1658

/Users/alandefreitas/Documents/Code/C++/mrdocs/local/demo-forks/llvm/llvm/include/llvm/ADT/APFloat.h:394:5:
    1) llvm::APFloatBase::IlogbErrorKinds::IEK_NaN: Missing documentation for enum value
  394 |     IEK_NaN = INT_MIN,
      |     ^~~~~~~~~~~~~~~~~~


An issue occurred during execution.
If you believe this is a bug, please report it at https://github.com/cppalliance/mrdocs/issues
with the following details:
    MrDocs Version: 0.8.0 (Build: bc8722535fba9a2811a8f9d0cadfe04e4248478b)
    Reported From: `src/mrdocs/Metadata/Finalizers/DocCommentFinalizer.cpp` at line 1658

/Users/alandefreitas/Documents/Code/C++/mrdocs/local/demo-forks/llvm/llvm/include/llvm/ADT/APFloat.h:393:5:
    1) llvm::APFloatBase::IlogbErrorKinds::IEK_Zero: Missing documentation for enum value
  393 |     IEK_Zero = INT_MIN + 1,
      |     ^~~~~~~~~~~~~~~~~~~~~~~


An issue occurred during execution.
If you believe this is a bug, please report it at https://github.com/cppalliance/mrdocs/issues
with the following details:
    MrDocs Version: 0.8.0 (Build: bc8722535fba9a2811a8f9d0cadfe04e4248478b)
    Reported From: `src/mrdocs/Metadata/Finalizers/DocCommentFinalizer.cpp` at line 1658

/Users/alandefreitas/Documents/Code/C++/mrdocs/local/demo-forks/llvm/llvm/include/llvm/ADT/APFloat.h:388:5:
    1) llvm::APFloatBase::uninitializedTag::uninitialized: Missing documentation for enum value
  388 |     uninitialized
      |     ^~~~~~~~~~~~~


An issue occurred during execution.
If you believe this is a bug, please report it at https://github.com/cppalliance/mrdocs/issues
with the following details:
    MrDocs Version: 0.8.0 (Build: bc8722535fba9a2811a8f9d0cadfe04e4248478b)
    Reported From: `src/mrdocs/Metadata/Finalizers/DocCommentFinalizer.cpp` at line 1658

/Users/alandefreitas/Documents/Code/C++/mrdocs/local/demo-forks/llvm/llvm/include/llvm/ADT/APFloat.h:383:5:
    1) llvm::APFloatBase::fltCategory::fcZero: Missing documentation for enum value
  383 |     fcZero
      |     ^~~~~~


An issue occurred during execution.
If you believe this is a bug, please report it at https://github.com/cppalliance/mrdocs/issues
with the following details:
    MrDocs Version: 0.8.0 (Build: bc8722535fba9a2811a8f9d0cadfe04e4248478b)
    Reported From: `src/mrdocs/Metadata/Finalizers/DocCommentFinalizer.cpp` at line 1658

/Users/alandefreitas/Documents/Code/C++/mrdocs/local/demo-forks/llvm/llvm/include/llvm/ADT/APFloat.h:382:5:
    1) llvm::APFloatBase::fltCategory::fcNormal: Missing documentation for enum value
  382 |     fcNormal,
      |     ^~~~~~~~~


An issue occurred during execution.
If you believe this is a bug, please report it at https://github.com/cppalliance/mrdocs/issues
with the following details:
    MrDocs Version: 0.8.0 (Build: bc8722535fba9a2811a8f9d0cadfe04e4248478b)
    Reported From: `src/mrdocs/Metadata/Finalizers/DocCommentFinalizer.cpp` at line 1658

/Users/alandefreitas/Documents/Code/C++/mrdocs/local/demo-forks/llvm/llvm/include/llvm/ADT/APFloat.h:375:5:
    1) llvm::APFloatBase::opStatus::opInexact: Missing documentation for enum value
  375 |     opInexact = 0x10
      |     ^~~~~~~~~~~~~~~~


An issue occurred during execution.
If you believe this is a bug, please report it at https://github.com/cppalliance/mrdocs/issues
with the following details:
    MrDocs Version: 0.8.0 (Build: bc8722535fba9a2811a8f9d0cadfe04e4248478b)
    Reported From: `src/mrdocs/Metadata/Finalizers/DocCommentFinalizer.cpp` at line 1658

/Users/alandefreitas/Documents/Code/C++/mrdocs/local/demo-forks/llvm/llvm/include/llvm/ADT/APFloat.h:374:5:
    1) llvm::APFloatBase::opStatus::opUnderflow: Missing documentation for enum value
  374 |     opUnderflow = 0x08,
      |     ^~~~~~~~~~~~~~~~~~~


An issue occurred during execution.
If you believe this is a bug, please report it at https://github.com/cppalliance/mrdocs/issues
with the following details:
    MrDocs Version: 0.8.0 (Build: bc8722535fba9a2811a8f9d0cadfe04e4248478b)
    Reported From: `src/mrdocs/Metadata/Finalizers/DocCommentFinalizer.cpp` at line 1658

/Users/alandefreitas/Documents/Code/C++/mrdocs/local/demo-forks/llvm/llvm/include/llvm/ADT/APFloat.h:373:5:
    1) llvm::APFloatBase::opStatus::opOverflow: Missing documentation for enum value
  373 |     opOverflow = 0x04,
      |     ^~~~~~~~~~~~~~~~~~


An issue occurred during execution.
If you believe this is a bug, please report it at https://github.com/cppalliance/mrdocs/issues
with the following details:
    MrDocs Version: 0.8.0 (Build: bc8722535fba9a2811a8f9d0cadfe04e4248478b)
    Reported From: `src/mrdocs/Metadata/Finalizers/DocCommentFinalizer.cpp` at line 1658

/Users/alandefreitas/Documents/Code/C++/mrdocs/local/demo-forks/llvm/llvm/include/llvm/ADT/APFloat.h:372:5:
    1) llvm::APFloatBase::opStatus::opDivByZero: Missing documentation for enum value
  372 |     opDivByZero = 0x02,
      |     ^~~~~~~~~~~~~~~~~~~


An issue occurred during execution.
If you believe this is a bug, please report it at https://github.com/cppalliance/mrdocs/issues
with the following details:
    MrDocs Version: 0.8.0 (Build: bc8722535fba9a2811a8f9d0cadfe04e4248478b)
    Reported From: `src/mrdocs/Metadata/Finalizers/DocCommentFinalizer.cpp` at line 1658

/Users/alandefreitas/Documents/Code/C++/mrdocs/local/demo-forks/llvm/llvm/include/llvm/ADT/APFloat.h:371:5:
    1) llvm::APFloatBase::opStatus::opInvalidOp: Missing documentation for enum value
  371 |     opInvalidOp = 0x01,
      |     ^~~~~~~~~~~~~~~~~~~


An issue occurred during execution.
If you believe this is a bug, please report it at https://github.com/cppalliance/mrdocs/issues
with the following details:
    MrDocs Version: 0.8.0 (Build: bc8722535fba9a2811a8f9d0cadfe04e4248478b)
    Reported From: `src/mrdocs/Metadata/Finalizers/DocCommentFinalizer.cpp` at line 1658

/Users/alandefreitas/Documents/Code/C++/mrdocs/local/demo-forks/llvm/llvm/include/llvm/ADT/APFloat.h:370:5:
    1) llvm::APFloatBase::opStatus::opOK: Missing documentation for enum value
  370 |     opOK = 0x00,
      |     ^~~~~~~~~~~~


An issue occurred during execution.
If you believe this is a bug, please report it at https://github.com/cppalliance/mrdocs/issues
with the following details:
    MrDocs Version: 0.8.0 (Build: bc8722535fba9a2811a8f9d0cadfe04e4248478b)
    Reported From: `src/mrdocs/Metadata/Finalizers/DocCommentFinalizer.cpp` at line 1658

/Users/alandefreitas/Documents/Code/C++/mrdocs/local/demo-forks/llvm/llvm/include/llvm/ADT/APFloat.h:356:3:
    1) rmTowardNegative: variable is undocumented
  356 |   static constexpr roundingMode rmTowardNegative = RoundingMode::TowardNegative;
      |   ^~~~~~~~~~~~~~~~~~~~~~~~~~~~~~~~~~~~~~~~~~~~~~~~~~~~~~~~~~~~~~~~~~~~~~~~~~~~~~


An issue occurred during execution.
If you believe this is a bug, please report it at https://github.com/cppalliance/mrdocs/issues
with the following details:
    MrDocs Version: 0.8.0 (Build: bc8722535fba9a2811a8f9d0cadfe04e4248478b)
    Reported From: `src/mrdocs/Metadata/Finalizers/DocCommentFinalizer.cpp` at line 1658

/Users/alandefreitas/Documents/Code/C++/mrdocs/local/demo-forks/llvm/llvm/include/llvm/ADT/APFloat.h:353:3:
    1) rmNearestTiesToEven: variable is undocumented
  353 |   static constexpr roundingMode rmNearestTiesToEven =
      |   ^~~~~~~~~~~~~~~~~~~~~~~~~~~~~~~~~~~~~~~~~~~~~~~~~~~


An issue occurred during execution.
If you believe this is a bug, please report it at https://github.com/cppalliance/mrdocs/issues
with the following details:
    MrDocs Version: 0.8.0 (Build: bc8722535fba9a2811a8f9d0cadfe04e4248478b)
    Reported From: `src/mrdocs/Metadata/Finalizers/DocCommentFinalizer.cpp` at line 1658

/Users/alandefreitas/Documents/Code/C++/mrdocs/local/demo-forks/llvm/llvm/include/llvm/ADT/APFloat.h:347:5:
    1) llvm::APFloatBase::cmpResult::cmpUnordered: Missing documentation for enum value
  347 |     cmpUnordered
      |     ^~~~~~~~~~~~


An issue occurred during execution.
If you believe this is a bug, please report it at https://github.com/cppalliance/mrdocs/issues
with the following details:
    MrDocs Version: 0.8.0 (Build: bc8722535fba9a2811a8f9d0cadfe04e4248478b)
    Reported From: `src/mrdocs/Metadata/Finalizers/DocCommentFinalizer.cpp` at line 1658

/Users/alandefreitas/Documents/Code/C++/mrdocs/local/demo-forks/llvm/llvm/include/llvm/ADT/APFloat.h:346:5:
    1) llvm::APFloatBase::cmpResult::cmpGreaterThan: Missing documentation for enum value
  346 |     cmpGreaterThan,
      |     ^~~~~~~~~~~~~~~


An issue occurred during execution.
If you believe this is a bug, please report it at https://github.com/cppalliance/mrdocs/issues
with the following details:
    MrDocs Version: 0.8.0 (Build: bc8722535fba9a2811a8f9d0cadfe04e4248478b)
    Reported From: `src/mrdocs/Metadata/Finalizers/DocCommentFinalizer.cpp` at line 1658

/Users/alandefreitas/Documents/Code/C++/mrdocs/local/demo-forks/llvm/llvm/include/llvm/ADT/APFloat.h:344:5:
    1) llvm::APFloatBase::cmpResult::cmpLessThan: Missing documentation for enum value
  344 |     cmpLessThan,
      |     ^~~~~~~~~~~~


An issue occurred during execution.
If you believe this is a bug, please report it at https://github.com/cppalliance/mrdocs/issues
with the following details:
    MrDocs Version: 0.8.0 (Build: bc8722535fba9a2811a8f9d0cadfe04e4248478b)
    Reported From: `src/mrdocs/Metadata/Finalizers/DocCommentFinalizer.cpp` at line 1658

/Users/alandefreitas/Documents/Code/C++/mrdocs/local/demo-forks/llvm/llvm/include/llvm/ADT/APFloat.h:325:3:
    1) Float4E2M1FN: function is undocumented
  325 |   static const fltSemantics &Float4E2M1FN() { return semFloat4E2M1FN; }
      |   ^~~~~~~~~~~~~~~~~~~~~~~~~~~~~~~~~~~~~~~~~~~~~~~~~~~~~~~~~~~~~~~~~~~~~


An issue occurred during execution.
If you believe this is a bug, please report it at https://github.com/cppalliance/mrdocs/issues
with the following details:
    MrDocs Version: 0.8.0 (Build: bc8722535fba9a2811a8f9d0cadfe04e4248478b)
    Reported From: `src/mrdocs/Metadata/Finalizers/DocCommentFinalizer.cpp` at line 1658

/Users/alandefreitas/Documents/Code/C++/mrdocs/local/demo-forks/llvm/llvm/include/llvm/ADT/APFloat.h:323:3:
    1) Float6E3M2FN: function is undocumented
  323 |   static const fltSemantics &Float6E3M2FN() { return semFloat6E3M2FN; }
      |   ^~~~~~~~~~~~~~~~~~~~~~~~~~~~~~~~~~~~~~~~~~~~~~~~~~~~~~~~~~~~~~~~~~~~~


An issue occurred during execution.
If you believe this is a bug, please report it at https://github.com/cppalliance/mrdocs/issues
with the following details:
    MrDocs Version: 0.8.0 (Build: bc8722535fba9a2811a8f9d0cadfe04e4248478b)
    Reported From: `src/mrdocs/Metadata/Finalizers/DocCommentFinalizer.cpp` at line 1658

/Users/alandefreitas/Documents/Code/C++/mrdocs/local/demo-forks/llvm/llvm/include/llvm/ADT/APFloat.h:322:3:
    1) Float8E5M3FNU: function is undocumented
  322 |   static const fltSemantics &Float8E5M3FNU() { return semFloat8E5M3FNU; }
      |   ^~~~~~~~~~~~~~~~~~~~~~~~~~~~~~~~~~~~~~~~~~~~~~~~~~~~~~~~~~~~~~~~~~~~~~~


An issue occurred during execution.
If you believe this is a bug, please report it at https://github.com/cppalliance/mrdocs/issues
with the following details:
    MrDocs Version: 0.8.0 (Build: bc8722535fba9a2811a8f9d0cadfe04e4248478b)
    Reported From: `src/mrdocs/Metadata/Finalizers/DocCommentFinalizer.cpp` at line 1658

/Users/alandefreitas/Documents/Code/C++/mrdocs/local/demo-forks/llvm/llvm/include/llvm/ADT/APFloat.h:321:3:
    1) Float8E8M0FNU: function is undocumented
  321 |   static const fltSemantics &Float8E8M0FNU() { return semFloat8E8M0FNU; }
      |   ^~~~~~~~~~~~~~~~~~~~~~~~~~~~~~~~~~~~~~~~~~~~~~~~~~~~~~~~~~~~~~~~~~~~~~~


An issue occurred during execution.
If you believe this is a bug, please report it at https://github.com/cppalliance/mrdocs/issues
with the following details:
    MrDocs Version: 0.8.0 (Build: bc8722535fba9a2811a8f9d0cadfe04e4248478b)
    Reported From: `src/mrdocs/Metadata/Finalizers/DocCommentFinalizer.cpp` at line 1658

/Users/alandefreitas/Documents/Code/C++/mrdocs/local/demo-forks/llvm/llvm/include/llvm/ADT/APFloat.h:319:3:
    1) Float8E3M4: function is undocumented
  319 |   static const fltSemantics &Float8E3M4() { return semFloat8E3M4; }
      |   ^~~~~~~~~~~~~~~~~~~~~~~~~~~~~~~~~~~~~~~~~~~~~~~~~~~~~~~~~~~~~~~~~


An issue occurred during execution.
If you believe this is a bug, please report it at https://github.com/cppalliance/mrdocs/issues
with the following details:
    MrDocs Version: 0.8.0 (Build: bc8722535fba9a2811a8f9d0cadfe04e4248478b)
    Reported From: `src/mrdocs/Metadata/Finalizers/DocCommentFinalizer.cpp` at line 1658

/Users/alandefreitas/Documents/Code/C++/mrdocs/local/demo-forks/llvm/llvm/include/llvm/ADT/APFloat.h:315:3:
    1) Float8E4M3FNUZ: function is undocumented
  315 |   static const fltSemantics &Float8E4M3FNUZ() { return semFloat8E4M3FNUZ; }
      |   ^~~~~~~~~~~~~~~~~~~~~~~~~~~~~~~~~~~~~~~~~~~~~~~~~~~~~~~~~~~~~~~~~~~~~~~~~


An issue occurred during execution.
If you believe this is a bug, please report it at https://github.com/cppalliance/mrdocs/issues
with the following details:
    MrDocs Version: 0.8.0 (Build: bc8722535fba9a2811a8f9d0cadfe04e4248478b)
    Reported From: `src/mrdocs/Metadata/Finalizers/DocCommentFinalizer.cpp` at line 1658

/Users/alandefreitas/Documents/Code/C++/mrdocs/local/demo-forks/llvm/llvm/include/llvm/ADT/APFloat.h:313:3:
    1) Float8E4M3: function is undocumented
  313 |   static const fltSemantics &Float8E4M3() { return semFloat8E4M3; }
      |   ^~~~~~~~~~~~~~~~~~~~~~~~~~~~~~~~~~~~~~~~~~~~~~~~~~~~~~~~~~~~~~~~~


An issue occurred during execution.
If you believe this is a bug, please report it at https://github.com/cppalliance/mrdocs/issues
with the following details:
    MrDocs Version: 0.8.0 (Build: bc8722535fba9a2811a8f9d0cadfe04e4248478b)
    Reported From: `src/mrdocs/Metadata/Finalizers/DocCommentFinalizer.cpp` at line 1658

/Users/alandefreitas/Documents/Code/C++/mrdocs/local/demo-forks/llvm/llvm/include/llvm/ADT/APFloat.h:311:3:
    1) Float8E5M2: function is undocumented
  311 |   static const fltSemantics &Float8E5M2() { return semFloat8E5M2; }
      |   ^~~~~~~~~~~~~~~~~~~~~~~~~~~~~~~~~~~~~~~~~~~~~~~~~~~~~~~~~~~~~~~~~


An issue occurred during execution.
If you believe this is a bug, please report it at https://github.com/cppalliance/mrdocs/issues
with the following details:
    MrDocs Version: 0.8.0 (Build: bc8722535fba9a2811a8f9d0cadfe04e4248478b)
    Reported From: `src/mrdocs/Metadata/Finalizers/DocCommentFinalizer.cpp` at line 1658

/Users/alandefreitas/Documents/Code/C++/mrdocs/local/demo-forks/llvm/llvm/include/llvm/ADT/APFloat.h:308:3:
    1) PPCDoubleDoubleLegacy: function is undocumented
  308 |   static const fltSemantics &PPCDoubleDoubleLegacy() {
      |   ^~~~~~~~~~~~~~~~~~~~~~~~~~~~~~~~~~~~~~~~~~~~~~~~~~~~


An issue occurred during execution.
If you believe this is a bug, please report it at https://github.com/cppalliance/mrdocs/issues
with the following details:
    MrDocs Version: 0.8.0 (Build: bc8722535fba9a2811a8f9d0cadfe04e4248478b)
    Reported From: `src/mrdocs/Metadata/Finalizers/DocCommentFinalizer.cpp` at line 1658

/Users/alandefreitas/Documents/Code/C++/mrdocs/local/demo-forks/llvm/llvm/include/llvm/ADT/APFloat.h:271:12:
    1) SemanticsToEnum: function is undocumented
  271 |   LLVM_ABI static Semantics SemanticsToEnum(const llvm::fltSemantics &Sem);
      |            ^~~~~~~~~~~~~~~~~~~~~~~~~~~~~~~~~~~~~~~~~~~~~~~~~~~~~~~~~~~~~~~~


An issue occurred during execution.
If you believe this is a bug, please report it at https://github.com/cppalliance/mrdocs/issues
with the following details:
    MrDocs Version: 0.8.0 (Build: bc8722535fba9a2811a8f9d0cadfe04e4248478b)
    Reported From: `src/mrdocs/Metadata/Finalizers/DocCommentFinalizer.cpp` at line 1658

/Users/alandefreitas/Documents/Code/C++/mrdocs/local/demo-forks/llvm/llvm/include/llvm/ADT/APFloat.h:270:12:
    1) EnumToSemantics: function is undocumented
  270 |   LLVM_ABI static const llvm::fltSemantics &EnumToSemantics(Semantics S);
      |            ^~~~~~~~~~~~~~~~~~~~~~~~~~~~~~~~~~~~~~~~~~~~~~~~~~~~~~~~~~~~~~


An issue occurred during execution.
If you believe this is a bug, please report it at https://github.com/cppalliance/mrdocs/issues
with the following details:
    MrDocs Version: 0.8.0 (Build: bc8722535fba9a2811a8f9d0cadfe04e4248478b)
    Reported From: `src/mrdocs/Metadata/Finalizers/DocCommentFinalizer.cpp` at line 1658

/Users/alandefreitas/Documents/Code/C++/mrdocs/local/demo-forks/llvm/llvm/include/llvm/ADT/APFloat.h:267:5:
    1) llvm::APFloatBase::Semantics::S_MaxSemantics: Missing documentation for enum value
  267 |     S_MaxSemantics = S_x87DoubleExtended,
      |     ^~~~~~~~~~~~~~~~~~~~~~~~~~~~~~~~~~~~~


An issue occurred during execution.
If you believe this is a bug, please report it at https://github.com/cppalliance/mrdocs/issues
with the following details:
    MrDocs Version: 0.8.0 (Build: bc8722535fba9a2811a8f9d0cadfe04e4248478b)
    Reported From: `src/mrdocs/Metadata/Finalizers/DocCommentFinalizer.cpp` at line 1658

/Users/alandefreitas/Documents/Code/C++/mrdocs/local/demo-forks/llvm/llvm/include/llvm/ADT/APFloat.h:258:5:
    1) llvm::APFloatBase::Semantics::S_Float4E2M1FN: Missing documentation for enum value
  258 |     S_Float4E2M1FN,
      |     ^~~~~~~~~~~~~~~


An issue occurred during execution.
If you believe this is a bug, please report it at https://github.com/cppalliance/mrdocs/issues
with the following details:
    MrDocs Version: 0.8.0 (Build: bc8722535fba9a2811a8f9d0cadfe04e4248478b)
    Reported From: `src/mrdocs/Metadata/Finalizers/DocCommentFinalizer.cpp` at line 1658

/Users/alandefreitas/Documents/Code/C++/mrdocs/local/demo-forks/llvm/llvm/include/llvm/ADT/APFloat.h:254:5:
    1) llvm::APFloatBase::Semantics::S_Float6E2M3FN: Missing documentation for enum value
  254 |     S_Float6E2M3FN,
      |     ^~~~~~~~~~~~~~~


An issue occurred during execution.
If you believe this is a bug, please report it at https://github.com/cppalliance/mrdocs/issues
with the following details:
    MrDocs Version: 0.8.0 (Build: bc8722535fba9a2811a8f9d0cadfe04e4248478b)
    Reported From: `src/mrdocs/Metadata/Finalizers/DocCommentFinalizer.cpp` at line 1658

/Users/alandefreitas/Documents/Code/C++/mrdocs/local/demo-forks/llvm/llvm/include/llvm/ADT/APFloat.h:250:5:
    1) llvm::APFloatBase::Semantics::S_Float6E3M2FN: Missing documentation for enum value
  250 |     S_Float6E3M2FN,
      |     ^~~~~~~~~~~~~~~


An issue occurred during execution.
If you believe this is a bug, please report it at https://github.com/cppalliance/mrdocs/issues
with the following details:
    MrDocs Version: 0.8.0 (Build: bc8722535fba9a2811a8f9d0cadfe04e4248478b)
    Reported From: `src/mrdocs/Metadata/Finalizers/DocCommentFinalizer.cpp` at line 1658

/Users/alandefreitas/Documents/Code/C++/mrdocs/local/demo-forks/llvm/llvm/include/llvm/ADT/APFloat.h:246:5:
    1) llvm::APFloatBase::Semantics::S_Float8E8M0FNU: Missing documentation for enum value
  246 |     S_Float8E8M0FNU,
      |     ^~~~~~~~~~~~~~~~


An issue occurred during execution.
If you believe this is a bug, please report it at https://github.com/cppalliance/mrdocs/issues
with the following details:
    MrDocs Version: 0.8.0 (Build: bc8722535fba9a2811a8f9d0cadfe04e4248478b)
    Reported From: `src/mrdocs/Metadata/Finalizers/DocCommentFinalizer.cpp` at line 1658

/Users/alandefreitas/Documents/Code/C++/mrdocs/local/demo-forks/llvm/llvm/include/llvm/ADT/APFloat.h:232:5:
    1) llvm::APFloatBase::Semantics::S_Float8E4M3B11FNUZ: Missing documentation for enum value
  232 |     S_Float8E4M3B11FNUZ,
      |     ^~~~~~~~~~~~~~~~~~~~


An issue occurred during execution.
If you believe this is a bug, please report it at https://github.com/cppalliance/mrdocs/issues
with the following details:
    MrDocs Version: 0.8.0 (Build: bc8722535fba9a2811a8f9d0cadfe04e4248478b)
    Reported From: `src/mrdocs/Metadata/Finalizers/DocCommentFinalizer.cpp` at line 1658

/Users/alandefreitas/Documents/Code/C++/mrdocs/local/demo-forks/llvm/llvm/include/llvm/ADT/APFloat.h:225:5:
    1) llvm::APFloatBase::Semantics::S_Float8E4M3FNUZ: Missing documentation for enum value
  225 |     S_Float8E4M3FNUZ,
      |     ^~~~~~~~~~~~~~~~~


An issue occurred during execution.
If you believe this is a bug, please report it at https://github.com/cppalliance/mrdocs/issues
with the following details:
    MrDocs Version: 0.8.0 (Build: bc8722535fba9a2811a8f9d0cadfe04e4248478b)
    Reported From: `src/mrdocs/Metadata/Finalizers/DocCommentFinalizer.cpp` at line 1658

/Users/alandefreitas/Documents/Code/C++/mrdocs/local/demo-forks/llvm/llvm/include/llvm/ADT/APFloat.h:218:5:
    1) llvm::APFloatBase::Semantics::S_Float8E4M3FN: Missing documentation for enum value
  218 |     S_Float8E4M3FN,
      |     ^~~~~~~~~~~~~~~


An issue occurred during execution.
If you believe this is a bug, please report it at https://github.com/cppalliance/mrdocs/issues
with the following details:
    MrDocs Version: 0.8.0 (Build: bc8722535fba9a2811a8f9d0cadfe04e4248478b)
    Reported From: `src/mrdocs/Metadata/Finalizers/DocCommentFinalizer.cpp` at line 1658

/Users/alandefreitas/Documents/Code/C++/mrdocs/local/demo-forks/llvm/llvm/include/llvm/ADT/APFloat.h:213:5:
    1) llvm::APFloatBase::Semantics::S_Float8E4M3: Missing documentation for enum value
  213 |     S_Float8E4M3,
      |     ^~~~~~~~~~~~~


An issue occurred during execution.
If you believe this is a bug, please report it at https://github.com/cppalliance/mrdocs/issues
with the following details:
    MrDocs Version: 0.8.0 (Build: bc8722535fba9a2811a8f9d0cadfe04e4248478b)
    Reported From: `src/mrdocs/Metadata/Finalizers/DocCommentFinalizer.cpp` at line 1658

/Users/alandefreitas/Documents/Code/C++/mrdocs/local/demo-forks/llvm/llvm/include/llvm/ADT/APFloat.h:210:5:
    1) llvm::APFloatBase::Semantics::S_Float8E5M2FNUZ: Missing documentation for enum value
  210 |     S_Float8E5M2FNUZ,
      |     ^~~~~~~~~~~~~~~~~


An issue occurred during execution.
If you believe this is a bug, please report it at https://github.com/cppalliance/mrdocs/issues
with the following details:
    MrDocs Version: 0.8.0 (Build: bc8722535fba9a2811a8f9d0cadfe04e4248478b)
    Reported From: `src/mrdocs/Metadata/Finalizers/DocCommentFinalizer.cpp` at line 1658

/Users/alandefreitas/Documents/Code/C++/mrdocs/local/demo-forks/llvm/llvm/include/llvm/ADT/APFloat.h:203:5:
    1) llvm::APFloatBase::Semantics::S_Float8E5M2: Missing documentation for enum value
  203 |     S_Float8E5M2,
      |     ^~~~~~~~~~~~~


An issue occurred during execution.
If you believe this is a bug, please report it at https://github.com/cppalliance/mrdocs/issues
with the following details:
    MrDocs Version: 0.8.0 (Build: bc8722535fba9a2811a8f9d0cadfe04e4248478b)
    Reported From: `src/mrdocs/Metadata/Finalizers/DocCommentFinalizer.cpp` at line 1658

/Users/alandefreitas/Documents/Code/C++/mrdocs/local/demo-forks/llvm/llvm/include/llvm/ADT/APFloat.h:200:5:
    1) llvm::APFloatBase::Semantics::S_PPCDoubleDoubleLegacy: Missing documentation for enum value
  200 |     S_PPCDoubleDoubleLegacy,
      |     ^~~~~~~~~~~~~~~~~~~~~~~~


An issue occurred during execution.
If you believe this is a bug, please report it at https://github.com/cppalliance/mrdocs/issues
with the following details:
    MrDocs Version: 0.8.0 (Build: bc8722535fba9a2811a8f9d0cadfe04e4248478b)
    Reported From: `src/mrdocs/Metadata/Finalizers/DocCommentFinalizer.cpp` at line 1658

/Users/alandefreitas/Documents/Code/C++/mrdocs/local/demo-forks/llvm/llvm/include/llvm/ADT/APFloat.h:175:5:
    1) llvm::APFloatBase::Semantics::S_PPCDoubleDouble: Missing documentation for enum value
  175 |     S_PPCDoubleDouble,
      |     ^~~~~~~~~~~~~~~~~~


An issue occurred during execution.
If you believe this is a bug, please report it at https://github.com/cppalliance/mrdocs/issues
with the following details:
    MrDocs Version: 0.8.0 (Build: bc8722535fba9a2811a8f9d0cadfe04e4248478b)
    Reported From: `src/mrdocs/Metadata/Finalizers/DocCommentFinalizer.cpp` at line 1658

/Users/alandefreitas/Documents/Code/C++/mrdocs/local/demo-forks/llvm/llvm/include/llvm/ADT/APFloat.h:165:5:
    1) llvm::APFloatBase::Semantics::S_IEEEquad: Missing documentation for enum value
  165 |     S_IEEEquad,
      |     ^~~~~~~~~~~


An issue occurred during execution.
If you believe this is a bug, please report it at https://github.com/cppalliance/mrdocs/issues
with the following details:
    MrDocs Version: 0.8.0 (Build: bc8722535fba9a2811a8f9d0cadfe04e4248478b)
    Reported From: `src/mrdocs/Metadata/Finalizers/DocCommentFinalizer.cpp` at line 1658

/Users/alandefreitas/Documents/Code/C++/mrdocs/local/demo-forks/llvm/llvm/include/llvm/ADT/APFloat.h:164:5:
    1) llvm::APFloatBase::Semantics::S_IEEEdouble: Missing documentation for enum value
  164 |     S_IEEEdouble,
      |     ^~~~~~~~~~~~~


An issue occurred during execution.
If you believe this is a bug, please report it at https://github.com/cppalliance/mrdocs/issues
with the following details:
    MrDocs Version: 0.8.0 (Build: bc8722535fba9a2811a8f9d0cadfe04e4248478b)
    Reported From: `src/mrdocs/Metadata/Finalizers/DocCommentFinalizer.cpp` at line 1658

/Users/alandefreitas/Documents/Code/C++/mrdocs/local/demo-forks/llvm/llvm/include/llvm/ADT/APFloat.h:163:5:
    1) llvm::APFloatBase::Semantics::S_IEEEsingle: Missing documentation for enum value
  163 |     S_IEEEsingle,
      |     ^~~~~~~~~~~~~


An issue occurred during execution.
If you believe this is a bug, please report it at https://github.com/cppalliance/mrdocs/issues
with the following details:
    MrDocs Version: 0.8.0 (Build: bc8722535fba9a2811a8f9d0cadfe04e4248478b)
    Reported From: `src/mrdocs/Metadata/Finalizers/DocCommentFinalizer.cpp` at line 1658

/Users/alandefreitas/Documents/Code/C++/mrdocs/local/demo-forks/llvm/llvm/include/llvm/ADT/APFloat.h:162:5:
    1) llvm::APFloatBase::Semantics::S_BFloat: Missing documentation for enum value
  162 |     S_BFloat,
      |     ^~~~~~~~~


An issue occurred during execution.
If you believe this is a bug, please report it at https://github.com/cppalliance/mrdocs/issues
with the following details:
    MrDocs Version: 0.8.0 (Build: bc8722535fba9a2811a8f9d0cadfe04e4248478b)
    Reported From: `src/mrdocs/Metadata/Finalizers/DocCommentFinalizer.cpp` at line 1658

/Users/alandefreitas/Documents/Code/C++/mrdocs/local/demo-forks/llvm/llvm/include/llvm/ADT/APFloat.h:153:3:
    1) integerPartWidth: variable is undocumented
  153 |   static constexpr unsigned integerPartWidth = APInt::APINT_BITS_PER_WORD;
      |   ^~~~~~~~~~~~~~~~~~~~~~~~~~~~~~~~~~~~~~~~~~~~~~~~~~~~~~~~~~~~~~~~~~~~~~~~


An issue occurred during execution.
If you believe this is a bug, please report it at https://github.com/cppalliance/mrdocs/issues
with the following details:
    MrDocs Version: 0.8.0 (Build: bc8722535fba9a2811a8f9d0cadfe04e4248478b)
    Reported From: `src/mrdocs/Metadata/Finalizers/DocCommentFinalizer.cpp` at line 1658

/Users/alandefreitas/Documents/Code/C++/mrdocs/local/demo-forks/llvm/llvm/include/llvm/ADT/APFloat.h:150:1:
    1) APFloatBase: record is undocumented
  150 | class APFloatBase {
      | ^~~~~~~~~~~~~~~~~~~


An issue occurred during execution.
If you believe this is a bug, please report it at https://github.com/cppalliance/mrdocs/issues
with the following details:
    MrDocs Version: 0.8.0 (Build: bc8722535fba9a2811a8f9d0cadfe04e4248478b)
    Reported From: `src/mrdocs/Metadata/Finalizers/DocCommentFinalizer.cpp` at line 1658

/Users/alandefreitas/Documents/Code/C++/mrdocs/local/demo-forks/llvm/llvm/include/llvm/ADT/APFloat.h:55:3:
    1) llvm::lostFraction::lfMoreThanHalf: Missing documentation for enum value
  55 |   lfMoreThanHalf    // 1xxxxx  x's not all zero
     |   ^~~~~~~~~~~~~~~~~~~~~~~~~~~~~~~~~~~~~~~~~~~~~


An issue occurred during execution.
If you believe this is a bug, please report it at https://github.com/cppalliance/mrdocs/issues
with the following details:
    MrDocs Version: 0.8.0 (Build: bc8722535fba9a2811a8f9d0cadfe04e4248478b)
    Reported From: `src/mrdocs/Metadata/Finalizers/DocCommentFinalizer.cpp` at line 1658

/Users/alandefreitas/Documents/Code/C++/mrdocs/local/demo-forks/llvm/llvm/include/llvm/ADT/APFloat.h:54:3:
    1) llvm::lostFraction::lfExactlyHalf: Missing documentation for enum value
  54 |   lfExactlyHalf,    // 100000
     |   ^~~~~~~~~~~~~~~~~~~~~~~~~~~


An issue occurred during execution.
If you believe this is a bug, please report it at https://github.com/cppalliance/mrdocs/issues
with the following details:
    MrDocs Version: 0.8.0 (Build: bc8722535fba9a2811a8f9d0cadfe04e4248478b)
    Reported From: `src/mrdocs/Metadata/Finalizers/DocCommentFinalizer.cpp` at line 1658

/Users/alandefreitas/Documents/Code/C++/mrdocs/local/demo-forks/llvm/llvm/include/llvm/ADT/APFloat.h:53:3:
    1) llvm::lostFraction::lfLessThanHalf: Missing documentation for enum value
  53 |   lfLessThanHalf,   // 0xxxxx  x's not all zero
     |   ^~~~~~~~~~~~~~~~~~~~~~~~~~~~~~~~~~~~~~~~~~~~~


An issue occurred during execution.
If you believe this is a bug, please report it at https://github.com/cppalliance/mrdocs/issues
with the following details:
    MrDocs Version: 0.8.0 (Build: bc8722535fba9a2811a8f9d0cadfe04e4248478b)
    Reported From: `src/mrdocs/Metadata/Finalizers/DocCommentFinalizer.cpp` at line 1658

/Users/alandefreitas/Documents/Code/C++/mrdocs/local/demo-forks/llvm/llvm/include/llvm/ADT/APFloat.h:52:3:
    1) llvm::lostFraction::lfExactlyZero: Missing documentation for enum value
  52 |   lfExactlyZero,    // 000000
     |   ^~~~~~~~~~~~~~~~~~~~~~~~~~~


An issue occurred during execution.
If you believe this is a bug, please report it at https://github.com/cppalliance/mrdocs/issues
with the following details:
    MrDocs Version: 0.8.0 (Build: bc8722535fba9a2811a8f9d0cadfe04e4248478b)
    Reported From: `src/mrdocs/Metadata/Finalizers/DocCommentFinalizer.cpp` at line 1658

/Users/alandefreitas/Documents/Code/C++/mrdocs/local/demo-forks/llvm/llvm/include/llvm/ADT/Any.h:135:1:
    1) Id: variable is undocumented
  135 | template <typename T> char Any::TypeId<T>::Id = 1;
      | ^~~~~~~~~~~~~~~~~~~~~~~~~~~~~~~~~~~~~~~~~~~~~~~~~~


An issue occurred during execution.
If you believe this is a bug, please report it at https://github.com/cppalliance/mrdocs/issues
with the following details:
    MrDocs Version: 0.8.0 (Build: bc8722535fba9a2811a8f9d0cadfe04e4248478b)
    Reported From: `src/mrdocs/Metadata/Finalizers/DocCommentFinalizer.cpp` at line 1658

/Users/alandefreitas/Documents/Code/C++/mrdocs/local/demo-forks/llvm/llvm/include/llvm/ADT/Any.h:121:22:
    1) any_cast: function is undocumented
  121 |   template <class T> friend T *any_cast(Any *Value);
      |                      ^~~~~~~~~~~~~~~~~~~~~~~~~~~~~~~


An issue occurred during execution.
If you believe this is a bug, please report it at https://github.com/cppalliance/mrdocs/issues
with the following details:
    MrDocs Version: 0.8.0 (Build: bc8722535fba9a2811a8f9d0cadfe04e4248478b)
    Reported From: `src/mrdocs/Metadata/Finalizers/DocCommentFinalizer.cpp` at line 1658

/Users/alandefreitas/Documents/Code/C++/mrdocs/local/demo-forks/llvm/llvm/include/llvm/ADT/Any.h:119:22:
    1) any_cast: function is undocumented
  119 |   template <class T> friend T any_cast(Any &&Value);
      |                      ^~~~~~~~~~~~~~~~~~~~~~~~~~~~~~~


An issue occurred during execution.
If you believe this is a bug, please report it at https://github.com/cppalliance/mrdocs/issues
with the following details:
    MrDocs Version: 0.8.0 (Build: bc8722535fba9a2811a8f9d0cadfe04e4248478b)
    Reported From: `src/mrdocs/Metadata/Finalizers/DocCommentFinalizer.cpp` at line 1658

/Users/alandefreitas/Documents/Code/C++/mrdocs/local/demo-forks/llvm/llvm/include/llvm/ADT/Any.h:118:22:
    1) any_cast: function is undocumented
  118 |   template <class T> friend T any_cast(Any &Value);
      |                      ^~~~~~~~~~~~~~~~~~~~~~~~~~~~~~


An issue occurred during execution.
If you believe this is a bug, please report it at https://github.com/cppalliance/mrdocs/issues
with the following details:
    MrDocs Version: 0.8.0 (Build: bc8722535fba9a2811a8f9d0cadfe04e4248478b)
    Reported From: `src/mrdocs/Metadata/Finalizers/DocCommentFinalizer.cpp` at line 1658

/Users/alandefreitas/Documents/Code/C++/mrdocs/local/demo-forks/llvm/llvm/include/llvm/ADT/Any.h:117:22:
    1) any_cast: function is undocumented
  117 |   template <class T> friend T any_cast(const Any &Value);
      |                      ^~~~~~~~~~~~~~~~~~~~~~~~~~~~~~~~~~~~


An issue occurred during execution.
If you believe this is a bug, please report it at https://github.com/cppalliance/mrdocs/issues
with the following details:
    MrDocs Version: 0.8.0 (Build: bc8722535fba9a2811a8f9d0cadfe04e4248478b)
    Reported From: `src/mrdocs/Metadata/Finalizers/DocCommentFinalizer.cpp` at line 1658

/Users/alandefreitas/Documents/Code/C++/mrdocs/local/demo-forks/llvm/llvm/include/llvm/ADT/Any.h:105:3:
    1) has_value: function is undocumented
  105 |   bool has_value() const { return !!Storage; }
      |   ^~~~~~~~~~~~~~~~~~~~~~~~~~~~~~~~~~~~~~~~~~~~


An issue occurred during execution.
If you believe this is a bug, please report it at https://github.com/cppalliance/mrdocs/issues
with the following details:
    MrDocs Version: 0.8.0 (Build: bc8722535fba9a2811a8f9d0cadfe04e4248478b)
    Reported From: `src/mrdocs/Metadata/Finalizers/DocCommentFinalizer.cpp` at line 1658

/Users/alandefreitas/Documents/Code/C++/mrdocs/local/demo-forks/llvm/llvm/include/llvm/ADT/Any.h:100:3:
    1) operator=: function is undocumented
  100 |   Any &operator=(Any Other) {
      |   ^~~~~~~~~~~~~~~~~~~~~~~~~~~


An issue occurred during execution.
If you believe this is a bug, please report it at https://github.com/cppalliance/mrdocs/issues
with the following details:
    MrDocs Version: 0.8.0 (Build: bc8722535fba9a2811a8f9d0cadfe04e4248478b)
    Reported From: `src/mrdocs/Metadata/Finalizers/DocCommentFinalizer.cpp` at line 1658

/Users/alandefreitas/Documents/Code/C++/mrdocs/local/demo-forks/llvm/llvm/include/llvm/ADT/Any.h:95:3:
    1) swap: function is undocumented
  95 |   Any &swap(Any &Other) {
     |   ^~~~~~~~~~~~~~~~~~~~~~~


An issue occurred during execution.
If you believe this is a bug, please report it at https://github.com/cppalliance/mrdocs/issues
with the following details:
    MrDocs Version: 0.8.0 (Build: bc8722535fba9a2811a8f9d0cadfe04e4248478b)
    Reported From: `src/mrdocs/Metadata/Finalizers/DocCommentFinalizer.cpp` at line 1658

/Users/alandefreitas/Documents/Code/C++/mrdocs/local/demo-forks/llvm/llvm/include/llvm/ADT/Any.h:93:3:
    1) Any: function is undocumented
  93 |   Any(Any &&Other) : Storage(std::move(Other.Storage)) {}
     |   ^~~~~~~~~~~~~~~~~~~~~~~~~~~~~~~~~~~~~~~~~~~~~~~~~~~~~~~


An issue occurred during execution.
If you believe this is a bug, please report it at https://github.com/cppalliance/mrdocs/issues
with the following details:
    MrDocs Version: 0.8.0 (Build: bc8722535fba9a2811a8f9d0cadfe04e4248478b)
    Reported From: `src/mrdocs/Metadata/Finalizers/DocCommentFinalizer.cpp` at line 1658

/Users/alandefreitas/Documents/Code/C++/mrdocs/local/demo-forks/llvm/llvm/include/llvm/ADT/Any.h:71:3:
    1) Any: function is undocumented
  71 |   template <typename T,
     |   ^~~~~~~~~~~~~~~~~~~~~


An issue occurred during execution.
If you believe this is a bug, please report it at https://github.com/cppalliance/mrdocs/issues
with the following details:
    MrDocs Version: 0.8.0 (Build: bc8722535fba9a2811a8f9d0cadfe04e4248478b)
    Reported From: `src/mrdocs/Metadata/Finalizers/DocCommentFinalizer.cpp` at line 1658

/Users/alandefreitas/Documents/Code/C++/mrdocs/local/demo-forks/llvm/llvm/include/llvm/ADT/Any.h:28:1:
    1) Any: record is undocumented
  28 | class LLVM_ABI Any {
     | ^~~~~~~~~~~~~~~~~~~~


An issue occurred during execution.
If you believe this is a bug, please report it at https://github.com/cppalliance/mrdocs/issues
with the following details:
    MrDocs Version: 0.8.0 (Build: bc8722535fba9a2811a8f9d0cadfe04e4248478b)
    Reported From: `src/mrdocs/Metadata/Finalizers/DocCommentFinalizer.cpp` at line 1658

/Users/alandefreitas/Documents/Code/C++/mrdocs/local/demo-forks/llvm/llvm/include/llvm/ADT/DepthFirstIterator.h:245:1:
    1) df_ext_begin: function is undocumented
  245 | template <class T, class SetTy>
      | ^~~~~~~~~~~~~~~~~~~~~~~~~~~~~~~


An issue occurred during execution.
If you believe this is a bug, please report it at https://github.com/cppalliance/mrdocs/issues
with the following details:
    MrDocs Version: 0.8.0 (Build: bc8722535fba9a2811a8f9d0cadfe04e4248478b)
    Reported From: `src/mrdocs/Metadata/Finalizers/DocCommentFinalizer.cpp` at line 1658

/Users/alandefreitas/Documents/Code/C++/mrdocs/local/demo-forks/llvm/llvm/include/llvm/ADT/DepthFirstIterator.h:196:3:
    1) operator++: function is undocumented
  196 |   df_iterator operator++(int) { // Postincrement
      |   ^~~~~~~~~~~~~~~~~~~~~~~~~~~~~~~~~~~~~~~~~~~~~~


An issue occurred during execution.
If you believe this is a bug, please report it at https://github.com/cppalliance/mrdocs/issues
with the following details:
    MrDocs Version: 0.8.0 (Build: bc8722535fba9a2811a8f9d0cadfe04e4248478b)
    Reported From: `src/mrdocs/Metadata/Finalizers/DocCommentFinalizer.cpp` at line 1658

/Users/alandefreitas/Documents/Code/C++/mrdocs/local/demo-forks/llvm/llvm/include/llvm/ADT/DepthFirstIterator.h:172:3:
    1) operator*: function is undocumented
  172 |   reference operator*() const { return VisitStack.back().first; }
      |   ^~~~~~~~~~~~~~~~~~~~~~~~~~~~~~~~~~~~~~~~~~~~~~~~~~~~~~~~~~~~~~~


An issue occurred during execution.
If you believe this is a bug, please report it at https://github.com/cppalliance/mrdocs/issues
with the following details:
    MrDocs Version: 0.8.0 (Build: bc8722535fba9a2811a8f9d0cadfe04e4248478b)
    Reported From: `src/mrdocs/Metadata/Finalizers/DocCommentFinalizer.cpp` at line 1658

/Users/alandefreitas/Documents/Code/C++/mrdocs/local/demo-forks/llvm/llvm/include/llvm/ADT/DepthFirstIterator.h:170:3:
    1) operator!=: function is undocumented
  170 |   bool operator!=(const df_iterator &x) const { return !(*this == x); }
      |   ^~~~~~~~~~~~~~~~~~~~~~~~~~~~~~~~~~~~~~~~~~~~~~~~~~~~~~~~~~~~~~~~~~~~~


An issue occurred during execution.
If you believe this is a bug, please report it at https://github.com/cppalliance/mrdocs/issues
with the following details:
    MrDocs Version: 0.8.0 (Build: bc8722535fba9a2811a8f9d0cadfe04e4248478b)
    Reported From: `src/mrdocs/Metadata/Finalizers/DocCommentFinalizer.cpp` at line 1658

/Users/alandefreitas/Documents/Code/C++/mrdocs/local/demo-forks/llvm/llvm/include/llvm/ADT/DepthFirstIterator.h:165:3:
    1) end: function is undocumented
  165 |   static df_iterator end(const GraphT &G, SetType &S) { return df_iterator(S); }
      |   ^~~~~~~~~~~~~~~~~~~~~~~~~~~~~~~~~~~~~~~~~~~~~~~~~~~~~~~~~~~~~~~~~~~~~~~~~~~~~~


An issue occurred during execution.
If you believe this is a bug, please report it at https://github.com/cppalliance/mrdocs/issues
with the following details:
    MrDocs Version: 0.8.0 (Build: bc8722535fba9a2811a8f9d0cadfe04e4248478b)
    Reported From: `src/mrdocs/Metadata/Finalizers/DocCommentFinalizer.cpp` at line 1658

/Users/alandefreitas/Documents/Code/C++/mrdocs/local/demo-forks/llvm/llvm/include/llvm/ADT/DepthFirstIterator.h:156:3:
    1) begin: function is undocumented
  156 |   static df_iterator begin(const GraphT &G) {
      |   ^~~~~~~~~~~~~~~~~~~~~~~~~~~~~~~~~~~~~~~~~~~


An issue occurred during execution.
If you believe this is a bug, please report it at https://github.com/cppalliance/mrdocs/issues
with the following details:
    MrDocs Version: 0.8.0 (Build: bc8722535fba9a2811a8f9d0cadfe04e4248478b)
    Reported From: `src/mrdocs/Metadata/Finalizers/DocCommentFinalizer.cpp` at line 1658

/Users/alandefreitas/Documents/Code/C++/mrdocs/local/demo-forks/llvm/llvm/include/llvm/ADT/DepthFirstIterator.h:93:3:
    1) difference_type: typedef is undocumented
  93 |   using difference_type = std::ptrdiff_t;
     |   ^~~~~~~~~~~~~~~~~~~~~~~~~~~~~~~~~~~~~~~


An issue occurred during execution.
If you believe this is a bug, please report it at https://github.com/cppalliance/mrdocs/issues
with the following details:
    MrDocs Version: 0.8.0 (Build: bc8722535fba9a2811a8f9d0cadfe04e4248478b)
    Reported From: `src/mrdocs/Metadata/Finalizers/DocCommentFinalizer.cpp` at line 1658

/Users/alandefreitas/Documents/Code/C++/mrdocs/local/demo-forks/llvm/llvm/include/llvm/ADT/DepthFirstIterator.h:72:3:
    1) iterator: typedef is undocumented
  72 |   using iterator = typename BaseSet::iterator;
     |   ^~~~~~~~~~~~~~~~~~~~~~~~~~~~~~~~~~~~~~~~~~~~


An issue occurred during execution.
If you believe this is a bug, please report it at https://github.com/cppalliance/mrdocs/issues
with the following details:
    MrDocs Version: 0.8.0 (Build: bc8722535fba9a2811a8f9d0cadfe04e4248478b)
    Reported From: `src/mrdocs/Metadata/Finalizers/DocCommentFinalizer.cpp` at line 1658

/Users/alandefreitas/Documents/Code/C++/mrdocs/local/demo-forks/llvm/llvm/include/llvm/ADT/IndexedMap.h:79:3:
    1) size: function is undocumented
  79 |   typename StorageT::size_type size() const { return Storage.size(); }
     |   ^~~~~~~~~~~~~~~~~~~~~~~~~~~~~~~~~~~~~~~~~~~~~~~~~~~~~~~~~~~~~~~~~~~~


An issue occurred during execution.
If you believe this is a bug, please report it at https://github.com/cppalliance/mrdocs/issues
with the following details:
    MrDocs Version: 0.8.0 (Build: bc8722535fba9a2811a8f9d0cadfe04e4248478b)
    Reported From: `src/mrdocs/Metadata/Finalizers/DocCommentFinalizer.cpp` at line 1658

/Users/alandefreitas/Documents/Code/C++/mrdocs/local/demo-forks/llvm/llvm/include/llvm/ADT/IndexedMap.h:77:3:
    1) inBounds: function is undocumented
  77 |   bool inBounds(IndexT N) const { return ToIndex(N) < Storage.size(); }
     |   ^~~~~~~~~~~~~~~~~~~~~~~~~~~~~~~~~~~~~~~~~~~~~~~~~~~~~~~~~~~~~~~~~~~~~


An issue occurred during execution.
If you believe this is a bug, please report it at https://github.com/cppalliance/mrdocs/issues
with the following details:
    MrDocs Version: 0.8.0 (Build: bc8722535fba9a2811a8f9d0cadfe04e4248478b)
    Reported From: `src/mrdocs/Metadata/Finalizers/DocCommentFinalizer.cpp` at line 1658

/Users/alandefreitas/Documents/Code/C++/mrdocs/local/demo-forks/llvm/llvm/include/llvm/ADT/IndexedMap.h:71:3:
    1) grow: function is undocumented
  71 |   void grow(IndexT N) {
     |   ^~~~~~~~~~~~~~~~~~~~~


An issue occurred during execution.
If you believe this is a bug, please report it at https://github.com/cppalliance/mrdocs/issues
with the following details:
    MrDocs Version: 0.8.0 (Build: bc8722535fba9a2811a8f9d0cadfe04e4248478b)
    Reported From: `src/mrdocs/Metadata/Finalizers/DocCommentFinalizer.cpp` at line 1658

/Users/alandefreitas/Documents/Code/C++/mrdocs/local/demo-forks/llvm/llvm/include/llvm/ADT/IndexedMap.h:69:3:
    1) clear: function is undocumented
  69 |   void clear() { Storage.clear(); }
     |   ^~~~~~~~~~~~~~~~~~~~~~~~~~~~~~~~~


An issue occurred during execution.
If you believe this is a bug, please report it at https://github.com/cppalliance/mrdocs/issues
with the following details:
    MrDocs Version: 0.8.0 (Build: bc8722535fba9a2811a8f9d0cadfe04e4248478b)
    Reported From: `src/mrdocs/Metadata/Finalizers/DocCommentFinalizer.cpp` at line 1658

/Users/alandefreitas/Documents/Code/C++/mrdocs/local/demo-forks/llvm/llvm/include/llvm/ADT/IndexedMap.h:60:3:
    1) operator[]: function is undocumented
  60 |   typename StorageT::const_reference operator[](IndexT N) const {
     |   ^~~~~~~~~~~~~~~~~~~~~~~~~~~~~~~~~~~~~~~~~~~~~~~~~~~~~~~~~~~~~~~


An issue occurred during execution.
If you believe this is a bug, please report it at https://github.com/cppalliance/mrdocs/issues
with the following details:
    MrDocs Version: 0.8.0 (Build: bc8722535fba9a2811a8f9d0cadfe04e4248478b)
    Reported From: `src/mrdocs/Metadata/Finalizers/DocCommentFinalizer.cpp` at line 1658

/Users/alandefreitas/Documents/Code/C++/mrdocs/local/demo-forks/llvm/llvm/include/llvm/ADT/IndexedMap.h:55:3:
    1) operator[]: function is undocumented
  55 |   typename StorageT::reference operator[](IndexT N) {
     |   ^~~~~~~~~~~~~~~~~~~~~~~~~~~~~~~~~~~~~~~~~~~~~~~~~~~


An issue occurred during execution.
If you believe this is a bug, please report it at https://github.com/cppalliance/mrdocs/issues
with the following details:
    MrDocs Version: 0.8.0 (Build: bc8722535fba9a2811a8f9d0cadfe04e4248478b)
    Reported From: `src/mrdocs/Metadata/Finalizers/DocCommentFinalizer.cpp` at line 1658

/Users/alandefreitas/Documents/Code/C++/mrdocs/local/demo-forks/llvm/llvm/include/llvm/ADT/IndexedMap.h:53:3:
    1) IndexedMap: function is undocumented
  53 |   explicit IndexedMap(const T &Val) : NullVal(Val) {}
     |   ^~~~~~~~~~~~~~~~~~~~~~~~~~~~~~~~~~~~~~~~~~~~~~~~~~~


An issue occurred during execution.
If you believe this is a bug, please report it at https://github.com/cppalliance/mrdocs/issues
with the following details:
    MrDocs Version: 0.8.0 (Build: bc8722535fba9a2811a8f9d0cadfe04e4248478b)
    Reported From: `src/mrdocs/Metadata/Finalizers/DocCommentFinalizer.cpp` at line 1658

/Users/alandefreitas/Documents/Code/C++/mrdocs/local/demo-forks/llvm/llvm/include/llvm/ADT/IndexedMap.h:38:1:
    1) IndexedMap: record is undocumented
  38 | template <typename T, typename ToIndexT = detail::IdentityIndex<unsigned>>
     | ^~~~~~~~~~~~~~~~~~~~~~~~~~~~~~~~~~~~~~~~~~~~~~~~~~~~~~~~~~~~~~~~~~~~~~~~~~


An issue occurred during execution.
If you believe this is a bug, please report it at https://github.com/cppalliance/mrdocs/issues
with the following details:
    MrDocs Version: 0.8.0 (Build: bc8722535fba9a2811a8f9d0cadfe04e4248478b)
    Reported From: `src/mrdocs/Metadata/Finalizers/DocCommentFinalizer.cpp` at line 1658

/Users/alandefreitas/Documents/Code/C++/mrdocs/local/demo-forks/llvm/llvm/include/llvm/ADT/SortedVectorMap.h:168:3:
    1) operator==: function is undocumented
  168 |   bool operator==(const SortedVectorMap &Other) const {
      |   ^~~~~~~~~~~~~~~~~~~~~~~~~~~~~~~~~~~~~~~~~~~~~~~~~~~~~


An issue occurred during execution.
If you believe this is a bug, please report it at https://github.com/cppalliance/mrdocs/issues
with the following details:
    MrDocs Version: 0.8.0 (Build: bc8722535fba9a2811a8f9d0cadfe04e4248478b)
    Reported From: `src/mrdocs/Metadata/Finalizers/DocCommentFinalizer.cpp` at line 1658

/Users/alandefreitas/Documents/Code/C++/mrdocs/local/demo-forks/llvm/llvm/include/llvm/ADT/SortedVectorMap.h:166:3:
    1) erase: function is undocumented
  166 |   iterator erase(const_iterator Pos) { return Vector.erase(Pos); }
      |   ^~~~~~~~~~~~~~~~~~~~~~~~~~~~~~~~~~~~~~~~~~~~~~~~~~~~~~~~~~~~~~~~


An issue occurred during execution.
If you believe this is a bug, please report it at https://github.com/cppalliance/mrdocs/issues
with the following details:
    MrDocs Version: 0.8.0 (Build: bc8722535fba9a2811a8f9d0cadfe04e4248478b)
    Reported From: `src/mrdocs/Metadata/Finalizers/DocCommentFinalizer.cpp` at line 1658

/Users/alandefreitas/Documents/Code/C++/mrdocs/local/demo-forks/llvm/llvm/include/llvm/ADT/SortedVectorMap.h:165:3:
    1) erase: function is undocumented
  165 |   iterator erase(iterator Pos) { return Vector.erase(Pos); }
      |   ^~~~~~~~~~~~~~~~~~~~~~~~~~~~~~~~~~~~~~~~~~~~~~~~~~~~~~~~~~


An issue occurred during execution.
If you believe this is a bug, please report it at https://github.com/cppalliance/mrdocs/issues
with the following details:
    MrDocs Version: 0.8.0 (Build: bc8722535fba9a2811a8f9d0cadfe04e4248478b)
    Reported From: `src/mrdocs/Metadata/Finalizers/DocCommentFinalizer.cpp` at line 1658

/Users/alandefreitas/Documents/Code/C++/mrdocs/local/demo-forks/llvm/llvm/include/llvm/ADT/SortedVectorMap.h:161:3:
    1) operator[]: function is undocumented
  161 |   ValueT &operator[](KeyT &&Key) {
      |   ^~~~~~~~~~~~~~~~~~~~~~~~~~~~~~~~


An issue occurred during execution.
If you believe this is a bug, please report it at https://github.com/cppalliance/mrdocs/issues
with the following details:
    MrDocs Version: 0.8.0 (Build: bc8722535fba9a2811a8f9d0cadfe04e4248478b)
    Reported From: `src/mrdocs/Metadata/Finalizers/DocCommentFinalizer.cpp` at line 1658

/Users/alandefreitas/Documents/Code/C++/mrdocs/local/demo-forks/llvm/llvm/include/llvm/ADT/SortedVectorMap.h:157:3:
    1) operator[]: function is undocumented
  157 |   ValueT &operator[](const KeyT &Key) {
      |   ^~~~~~~~~~~~~~~~~~~~~~~~~~~~~~~~~~~~~


An issue occurred during execution.
If you believe this is a bug, please report it at https://github.com/cppalliance/mrdocs/issues
with the following details:
    MrDocs Version: 0.8.0 (Build: bc8722535fba9a2811a8f9d0cadfe04e4248478b)
    Reported From: `src/mrdocs/Metadata/Finalizers/DocCommentFinalizer.cpp` at line 1658

/Users/alandefreitas/Documents/Code/C++/mrdocs/local/demo-forks/llvm/llvm/include/llvm/ADT/SortedVectorMap.h:149:3:
    1) insert: function is undocumented
  149 |   std::pair<iterator, bool> insert(const value_type &KV) {
      |   ^~~~~~~~~~~~~~~~~~~~~~~~~~~~~~~~~~~~~~~~~~~~~~~~~~~~~~~~


An issue occurred during execution.
If you believe this is a bug, please report it at https://github.com/cppalliance/mrdocs/issues
with the following details:
    MrDocs Version: 0.8.0 (Build: bc8722535fba9a2811a8f9d0cadfe04e4248478b)
    Reported From: `src/mrdocs/Metadata/Finalizers/DocCommentFinalizer.cpp` at line 1658

/Users/alandefreitas/Documents/Code/C++/mrdocs/local/demo-forks/llvm/llvm/include/llvm/ADT/SortedVectorMap.h:144:3:
    1) try_emplace: function is undocumented
  144 |   template <typename... Ts>
      |   ^~~~~~~~~~~~~~~~~~~~~~~~~


An issue occurred during execution.
If you believe this is a bug, please report it at https://github.com/cppalliance/mrdocs/issues
with the following details:
    MrDocs Version: 0.8.0 (Build: bc8722535fba9a2811a8f9d0cadfe04e4248478b)
    Reported From: `src/mrdocs/Metadata/Finalizers/DocCommentFinalizer.cpp` at line 1658

/Users/alandefreitas/Documents/Code/C++/mrdocs/local/demo-forks/llvm/llvm/include/llvm/ADT/SortedVectorMap.h:139:3:
    1) try_emplace: function is undocumented
  139 |   template <typename... Ts>
      |   ^~~~~~~~~~~~~~~~~~~~~~~~~


An issue occurred during execution.
If you believe this is a bug, please report it at https://github.com/cppalliance/mrdocs/issues
with the following details:
    MrDocs Version: 0.8.0 (Build: bc8722535fba9a2811a8f9d0cadfe04e4248478b)
    Reported From: `src/mrdocs/Metadata/Finalizers/DocCommentFinalizer.cpp` at line 1658

/Users/alandefreitas/Documents/Code/C++/mrdocs/local/demo-forks/llvm/llvm/include/llvm/ADT/SortedVectorMap.h:134:3:
    1) find: function is undocumented
  134 |   template <typename K> iterator find(const K &Key) {
      |   ^~~~~~~~~~~~~~~~~~~~~~~~~~~~~~~~~~~~~~~~~~~~~~~~~~~


An issue occurred during execution.
If you believe this is a bug, please report it at https://github.com/cppalliance/mrdocs/issues
with the following details:
    MrDocs Version: 0.8.0 (Build: bc8722535fba9a2811a8f9d0cadfe04e4248478b)
    Reported From: `src/mrdocs/Metadata/Finalizers/DocCommentFinalizer.cpp` at line 1658

/Users/alandefreitas/Documents/Code/C++/mrdocs/local/demo-forks/llvm/llvm/include/llvm/ADT/SortedVectorMap.h:122:3:
    1) empty: function is undocumented
  122 |   [[nodiscard]] bool empty() const { return Vector.empty(); }
      |   ^~~~~~~~~~~~~~~~~~~~~~~~~~~~~~~~~~~~~~~~~~~~~~~~~~~~~~~~~~~


An issue occurred during execution.
If you believe this is a bug, please report it at https://github.com/cppalliance/mrdocs/issues
with the following details:
    MrDocs Version: 0.8.0 (Build: bc8722535fba9a2811a8f9d0cadfe04e4248478b)
    Reported From: `src/mrdocs/Metadata/Finalizers/DocCommentFinalizer.cpp` at line 1658

/Users/alandefreitas/Documents/Code/C++/mrdocs/local/demo-forks/llvm/llvm/include/llvm/ADT/SortedVectorMap.h:119:3:
    1) crend: function is undocumented
  119 |   const_reverse_iterator crend() const { return Vector.rend(); }
      |   ^~~~~~~~~~~~~~~~~~~~~~~~~~~~~~~~~~~~~~~~~~~~~~~~~~~~~~~~~~~~~~


An issue occurred during execution.
If you believe this is a bug, please report it at https://github.com/cppalliance/mrdocs/issues
with the following details:
    MrDocs Version: 0.8.0 (Build: bc8722535fba9a2811a8f9d0cadfe04e4248478b)
    Reported From: `src/mrdocs/Metadata/Finalizers/DocCommentFinalizer.cpp` at line 1658

/Users/alandefreitas/Documents/Code/C++/mrdocs/local/demo-forks/llvm/llvm/include/llvm/ADT/SortedVectorMap.h:118:3:
    1) crbegin: function is undocumented
  118 |   const_reverse_iterator crbegin() const { return Vector.rbegin(); }
      |   ^~~~~~~~~~~~~~~~~~~~~~~~~~~~~~~~~~~~~~~~~~~~~~~~~~~~~~~~~~~~~~~~~~


An issue occurred during execution.
If you believe this is a bug, please report it at https://github.com/cppalliance/mrdocs/issues
with the following details:
    MrDocs Version: 0.8.0 (Build: bc8722535fba9a2811a8f9d0cadfe04e4248478b)
    Reported From: `src/mrdocs/Metadata/Finalizers/DocCommentFinalizer.cpp` at line 1658

/Users/alandefreitas/Documents/Code/C++/mrdocs/local/demo-forks/llvm/llvm/include/llvm/ADT/SortedVectorMap.h:117:3:
    1) rend: function is undocumented
  117 |   const_reverse_iterator rend() const { return Vector.rend(); }
      |   ^~~~~~~~~~~~~~~~~~~~~~~~~~~~~~~~~~~~~~~~~~~~~~~~~~~~~~~~~~~~~


An issue occurred during execution.
If you believe this is a bug, please report it at https://github.com/cppalliance/mrdocs/issues
with the following details:
    MrDocs Version: 0.8.0 (Build: bc8722535fba9a2811a8f9d0cadfe04e4248478b)
    Reported From: `src/mrdocs/Metadata/Finalizers/DocCommentFinalizer.cpp` at line 1658

/Users/alandefreitas/Documents/Code/C++/mrdocs/local/demo-forks/llvm/llvm/include/llvm/ADT/SortedVectorMap.h:116:3:
    1) rbegin: function is undocumented
  116 |   const_reverse_iterator rbegin() const { return Vector.rbegin(); }
      |   ^~~~~~~~~~~~~~~~~~~~~~~~~~~~~~~~~~~~~~~~~~~~~~~~~~~~~~~~~~~~~~~~~


An issue occurred during execution.
If you believe this is a bug, please report it at https://github.com/cppalliance/mrdocs/issues
with the following details:
    MrDocs Version: 0.8.0 (Build: bc8722535fba9a2811a8f9d0cadfe04e4248478b)
    Reported From: `src/mrdocs/Metadata/Finalizers/DocCommentFinalizer.cpp` at line 1658

/Users/alandefreitas/Documents/Code/C++/mrdocs/local/demo-forks/llvm/llvm/include/llvm/ADT/SortedVectorMap.h:115:3:
    1) rend: function is undocumented
  115 |   reverse_iterator rend() { return Vector.rend(); }
      |   ^~~~~~~~~~~~~~~~~~~~~~~~~~~~~~~~~~~~~~~~~~~~~~~~~


An issue occurred during execution.
If you believe this is a bug, please report it at https://github.com/cppalliance/mrdocs/issues
with the following details:
    MrDocs Version: 0.8.0 (Build: bc8722535fba9a2811a8f9d0cadfe04e4248478b)
    Reported From: `src/mrdocs/Metadata/Finalizers/DocCommentFinalizer.cpp` at line 1658

/Users/alandefreitas/Documents/Code/C++/mrdocs/local/demo-forks/llvm/llvm/include/llvm/ADT/SortedVectorMap.h:114:3:
    1) rbegin: function is undocumented
  114 |   reverse_iterator rbegin() { return Vector.rbegin(); }
      |   ^~~~~~~~~~~~~~~~~~~~~~~~~~~~~~~~~~~~~~~~~~~~~~~~~~~~~


An issue occurred during execution.
If you believe this is a bug, please report it at https://github.com/cppalliance/mrdocs/issues
with the following details:
    MrDocs Version: 0.8.0 (Build: bc8722535fba9a2811a8f9d0cadfe04e4248478b)
    Reported From: `src/mrdocs/Metadata/Finalizers/DocCommentFinalizer.cpp` at line 1658

/Users/alandefreitas/Documents/Code/C++/mrdocs/local/demo-forks/llvm/llvm/include/llvm/ADT/SortedVectorMap.h:112:3:
    1) cend: function is undocumented
  112 |   const_iterator cend() const { return Vector.end(); }
      |   ^~~~~~~~~~~~~~~~~~~~~~~~~~~~~~~~~~~~~~~~~~~~~~~~~~~~


An issue occurred during execution.
If you believe this is a bug, please report it at https://github.com/cppalliance/mrdocs/issues
with the following details:
    MrDocs Version: 0.8.0 (Build: bc8722535fba9a2811a8f9d0cadfe04e4248478b)
    Reported From: `src/mrdocs/Metadata/Finalizers/DocCommentFinalizer.cpp` at line 1658

/Users/alandefreitas/Documents/Code/C++/mrdocs/local/demo-forks/llvm/llvm/include/llvm/ADT/SortedVectorMap.h:110:3:
    1) end: function is undocumented
  110 |   const_iterator end() const { return Vector.end(); }
      |   ^~~~~~~~~~~~~~~~~~~~~~~~~~~~~~~~~~~~~~~~~~~~~~~~~~~


An issue occurred during execution.
If you believe this is a bug, please report it at https://github.com/cppalliance/mrdocs/issues
with the following details:
    MrDocs Version: 0.8.0 (Build: bc8722535fba9a2811a8f9d0cadfe04e4248478b)
    Reported From: `src/mrdocs/Metadata/Finalizers/DocCommentFinalizer.cpp` at line 1658

/Users/alandefreitas/Documents/Code/C++/mrdocs/local/demo-forks/llvm/llvm/include/llvm/ADT/SortedVectorMap.h:109:3:
    1) begin: function is undocumented
  109 |   const_iterator begin() const { return Vector.begin(); }
      |   ^~~~~~~~~~~~~~~~~~~~~~~~~~~~~~~~~~~~~~~~~~~~~~~~~~~~~~~


An issue occurred during execution.
If you believe this is a bug, please report it at https://github.com/cppalliance/mrdocs/issues
with the following details:
    MrDocs Version: 0.8.0 (Build: bc8722535fba9a2811a8f9d0cadfe04e4248478b)
    Reported From: `src/mrdocs/Metadata/Finalizers/DocCommentFinalizer.cpp` at line 1658

/Users/alandefreitas/Documents/Code/C++/mrdocs/local/demo-forks/llvm/llvm/include/llvm/ADT/SortedVectorMap.h:108:3:
    1) end: function is undocumented
  108 |   iterator end() { return Vector.end(); }
      |   ^~~~~~~~~~~~~~~~~~~~~~~~~~~~~~~~~~~~~~~


An issue occurred during execution.
If you believe this is a bug, please report it at https://github.com/cppalliance/mrdocs/issues
with the following details:
    MrDocs Version: 0.8.0 (Build: bc8722535fba9a2811a8f9d0cadfe04e4248478b)
    Reported From: `src/mrdocs/Metadata/Finalizers/DocCommentFinalizer.cpp` at line 1658

/Users/alandefreitas/Documents/Code/C++/mrdocs/local/demo-forks/llvm/llvm/include/llvm/ADT/SortedVectorMap.h:107:3:
    1) begin: function is undocumented
  107 |   iterator begin() { return Vector.begin(); }
      |   ^~~~~~~~~~~~~~~~~~~~~~~~~~~~~~~~~~~~~~~~~~~


An issue occurred during execution.
If you believe this is a bug, please report it at https://github.com/cppalliance/mrdocs/issues
with the following details:
    MrDocs Version: 0.8.0 (Build: bc8722535fba9a2811a8f9d0cadfe04e4248478b)
    Reported From: `src/mrdocs/Metadata/Finalizers/DocCommentFinalizer.cpp` at line 1658

/Users/alandefreitas/Documents/Code/C++/mrdocs/local/demo-forks/llvm/llvm/include/llvm/ADT/SortedVectorMap.h:104:3:
    1) SortedVectorMap: function is undocumented
  104 |   SortedVectorMap() = default;
      |   ^~~~~~~~~~~~~~~~~~~~~~~~~~~~


An issue occurred during execution.
If you believe this is a bug, please report it at https://github.com/cppalliance/mrdocs/issues
with the following details:
    MrDocs Version: 0.8.0 (Build: bc8722535fba9a2811a8f9d0cadfe04e4248478b)
    Reported From: `src/mrdocs/Metadata/Finalizers/DocCommentFinalizer.cpp` at line 1658

/Users/alandefreitas/Documents/Code/C++/mrdocs/local/demo-forks/llvm/llvm/include/llvm/ADT/SortedVectorMap.h:58:3:
    1) const_reverse_iterator: typedef is undocumented
  58 |   using const_reverse_iterator = typename VectorType::const_reverse_iterator;
     |   ^~~~~~~~~~~~~~~~~~~~~~~~~~~~~~~~~~~~~~~~~~~~~~~~~~~~~~~~~~~~~~~~~~~~~~~~~~~


An issue occurred during execution.
If you believe this is a bug, please report it at https://github.com/cppalliance/mrdocs/issues
with the following details:
    MrDocs Version: 0.8.0 (Build: bc8722535fba9a2811a8f9d0cadfe04e4248478b)
    Reported From: `src/mrdocs/Metadata/Finalizers/DocCommentFinalizer.cpp` at line 1658

/Users/alandefreitas/Documents/Code/C++/mrdocs/local/demo-forks/llvm/llvm/include/llvm/ADT/SortedVectorMap.h:57:3:
    1) reverse_iterator: typedef is undocumented
  57 |   using reverse_iterator = typename VectorType::reverse_iterator;
     |   ^~~~~~~~~~~~~~~~~~~~~~~~~~~~~~~~~~~~~~~~~~~~~~~~~~~~~~~~~~~~~~~


An issue occurred during execution.
If you believe this is a bug, please report it at https://github.com/cppalliance/mrdocs/issues
with the following details:
    MrDocs Version: 0.8.0 (Build: bc8722535fba9a2811a8f9d0cadfe04e4248478b)
    Reported From: `src/mrdocs/Metadata/Finalizers/DocCommentFinalizer.cpp` at line 1658

/Users/alandefreitas/Documents/Code/C++/mrdocs/local/demo-forks/llvm/llvm/include/llvm/ADT/SortedVectorMap.h:56:3:
    1) const_iterator: typedef is undocumented
  56 |   using const_iterator = typename VectorType::const_iterator;
     |   ^~~~~~~~~~~~~~~~~~~~~~~~~~~~~~~~~~~~~~~~~~~~~~~~~~~~~~~~~~~


An issue occurred during execution.
If you believe this is a bug, please report it at https://github.com/cppalliance/mrdocs/issues
with the following details:
    MrDocs Version: 0.8.0 (Build: bc8722535fba9a2811a8f9d0cadfe04e4248478b)
    Reported From: `src/mrdocs/Metadata/Finalizers/DocCommentFinalizer.cpp` at line 1658

/Users/alandefreitas/Documents/Code/C++/mrdocs/local/demo-forks/llvm/llvm/include/llvm/ADT/SortedVectorMap.h:53:3:
    1) size_type: typedef is undocumented
  53 |   using size_type = typename VectorType::size_type;
     |   ^~~~~~~~~~~~~~~~~~~~~~~~~~~~~~~~~~~~~~~~~~~~~~~~~


An issue occurred during execution.
If you believe this is a bug, please report it at https://github.com/cppalliance/mrdocs/issues
with the following details:
    MrDocs Version: 0.8.0 (Build: bc8722535fba9a2811a8f9d0cadfe04e4248478b)
    Reported From: `src/mrdocs/Metadata/Finalizers/DocCommentFinalizer.cpp` at line 1658

/Users/alandefreitas/Documents/Code/C++/mrdocs/local/demo-forks/llvm/llvm/include/llvm/ADT/SortedVectorMap.h:51:3:
    1) value_type: typedef is undocumented
  51 |   using value_type = std::pair<KeyT, ValueT>;
     |   ^~~~~~~~~~~~~~~~~~~~~~~~~~~~~~~~~~~~~~~~~~~


An issue occurred during execution.
If you believe this is a bug, please report it at https://github.com/cppalliance/mrdocs/issues
with the following details:
    MrDocs Version: 0.8.0 (Build: bc8722535fba9a2811a8f9d0cadfe04e4248478b)
    Reported From: `src/mrdocs/Metadata/Finalizers/DocCommentFinalizer.cpp` at line 1658

/Users/alandefreitas/Documents/Code/C++/mrdocs/local/demo-forks/llvm/llvm/include/llvm/ADT/SortedVectorMap.h:49:3:
    1) key_type: typedef is undocumented
  49 |   using key_type = KeyT;
     |   ^~~~~~~~~~~~~~~~~~~~~~


An issue occurred during execution.
If you believe this is a bug, please report it at https://github.com/cppalliance/mrdocs/issues
with the following details:
    MrDocs Version: 0.8.0 (Build: bc8722535fba9a2811a8f9d0cadfe04e4248478b)
    Reported From: `src/mrdocs/Metadata/Finalizers/DocCommentFinalizer.cpp` at line 1658

/Users/alandefreitas/Documents/Code/C++/mrdocs/local/demo-forks/llvm/llvm/include/llvm/ADT/StringTable.h:145:3:
    1) end: function is undocumented
  145 |   constexpr Iterator end() const { return Iterator(*this, size() - 1); }
      |   ^~~~~~~~~~~~~~~~~~~~~~~~~~~~~~~~~~~~~~~~~~~~~~~~~~~~~~~~~~~~~~~~~~~~~~


An issue occurred during execution.
If you believe this is a bug, please report it at https://github.com/cppalliance/mrdocs/issues
with the following details:
    MrDocs Version: 0.8.0 (Build: bc8722535fba9a2811a8f9d0cadfe04e4248478b)
    Reported From: `src/mrdocs/Metadata/Finalizers/DocCommentFinalizer.cpp` at line 1658

/Users/alandefreitas/Documents/Code/C++/mrdocs/local/demo-forks/llvm/llvm/include/llvm/ADT/StringTable.h:144:3:
    1) begin: function is undocumented
  144 |   constexpr Iterator begin() const { return Iterator(*this, 1); }
      |   ^~~~~~~~~~~~~~~~~~~~~~~~~~~~~~~~~~~~~~~~~~~~~~~~~~~~~~~~~~~~~~~


An issue occurred during execution.
If you believe this is a bug, please report it at https://github.com/cppalliance/mrdocs/issues
with the following details:
    MrDocs Version: 0.8.0 (Build: bc8722535fba9a2811a8f9d0cadfe04e4248478b)
    Reported From: `src/mrdocs/Metadata/Finalizers/DocCommentFinalizer.cpp` at line 1658

/Users/alandefreitas/Documents/Code/C++/mrdocs/local/demo-forks/llvm/llvm/include/llvm/ADT/StringTable.h:140:5:
    1) offset: function is undocumented
  140 |     Offset offset() const { return O; }
      |     ^~~~~~~~~~~~~~~~~~~~~~~~~~~~~~~~~~~


An issue occurred during execution.
If you believe this is a bug, please report it at https://github.com/cppalliance/mrdocs/issues
with the following details:
    MrDocs Version: 0.8.0 (Build: bc8722535fba9a2811a8f9d0cadfe04e4248478b)
    Reported From: `src/mrdocs/Metadata/Finalizers/DocCommentFinalizer.cpp` at line 1658

/Users/alandefreitas/Documents/Code/C++/mrdocs/local/demo-forks/llvm/llvm/include/llvm/ADT/StringTable.h:125:5:
    1) operator==: function is undocumented
  125 |     bool operator==(const Iterator &RHS) const {
      |     ^~~~~~~~~~~~~~~~~~~~~~~~~~~~~~~~~~~~~~~~~~~~


An issue occurred during execution.
If you believe this is a bug, please report it at https://github.com/cppalliance/mrdocs/issues
with the following details:
    MrDocs Version: 0.8.0 (Build: bc8722535fba9a2811a8f9d0cadfe04e4248478b)
    Reported From: `src/mrdocs/Metadata/Finalizers/DocCommentFinalizer.cpp` at line 1658

/Users/alandefreitas/Documents/Code/C++/mrdocs/local/demo-forks/llvm/llvm/include/llvm/ADT/StringTable.h:123:5:
    1) operator=: function is undocumented
  123 |     constexpr Iterator &operator=(Iterator &&RHS) = default;
      |     ^~~~~~~~~~~~~~~~~~~~~~~~~~~~~~~~~~~~~~~~~~~~~~~~~~~~~~~~


An issue occurred during execution.
If you believe this is a bug, please report it at https://github.com/cppalliance/mrdocs/issues
with the following details:
    MrDocs Version: 0.8.0 (Build: bc8722535fba9a2811a8f9d0cadfe04e4248478b)
    Reported From: `src/mrdocs/Metadata/Finalizers/DocCommentFinalizer.cpp` at line 1658

/Users/alandefreitas/Documents/Code/C++/mrdocs/local/demo-forks/llvm/llvm/include/llvm/ADT/StringTable.h:119:5:
    1) Iterator: function is undocumented
  119 |     constexpr Iterator(const Iterator &RHS) = default;
      |     ^~~~~~~~~~~~~~~~~~~~~~~~~~~~~~~~~~~~~~~~~~~~~~~~~~


An issue occurred during execution.
If you believe this is a bug, please report it at https://github.com/cppalliance/mrdocs/issues
with the following details:
    MrDocs Version: 0.8.0 (Build: bc8722535fba9a2811a8f9d0cadfe04e4248478b)
    Reported From: `src/mrdocs/Metadata/Finalizers/DocCommentFinalizer.cpp` at line 1658

/Users/alandefreitas/Documents/Code/C++/mrdocs/local/demo-forks/llvm/llvm/include/llvm/ADT/StringTable.h:104:3:
    1) Iterator: record is undocumented
  104 |   class Iterator
      |   ^~~~~~~~~~~~~~


An issue occurred during execution.
If you believe this is a bug, please report it at https://github.com/cppalliance/mrdocs/issues
with the following details:
    MrDocs Version: 0.8.0 (Build: bc8722535fba9a2811a8f9d0cadfe04e4248478b)
    Reported From: `src/mrdocs/Metadata/Finalizers/DocCommentFinalizer.cpp` at line 1658

/Users/alandefreitas/Documents/Code/C++/mrdocs/local/demo-forks/llvm/llvm/include/llvm/ADT/StringTable.h:99:3:
    1) operator[]: function is undocumented
  99 |   constexpr StringRef operator[](Offset O) const { return getCString(O); }
     |   ^~~~~~~~~~~~~~~~~~~~~~~~~~~~~~~~~~~~~~~~~~~~~~~~~~~~~~~~~~~~~~~~~~~~~~~~


An issue occurred during execution.
If you believe this is a bug, please report it at https://github.com/cppalliance/mrdocs/issues
with the following details:
    MrDocs Version: 0.8.0 (Build: bc8722535fba9a2811a8f9d0cadfe04e4248478b)
    Reported From: `src/mrdocs/Metadata/Finalizers/DocCommentFinalizer.cpp` at line 1658

/Users/alandefreitas/Documents/Code/C++/mrdocs/local/demo-forks/llvm/llvm/include/llvm/ADT/StringTable.h:91:3:
    1) getCString: function is undocumented
  91 |   constexpr const char *getCString(Offset O) const {
     |   ^~~~~~~~~~~~~~~~~~~~~~~~~~~~~~~~~~~~~~~~~~~~~~~~~~


An issue occurred during execution.
If you believe this is a bug, please report it at https://github.com/cppalliance/mrdocs/issues
with the following details:
    MrDocs Version: 0.8.0 (Build: bc8722535fba9a2811a8f9d0cadfe04e4248478b)
    Reported From: `src/mrdocs/Metadata/Finalizers/DocCommentFinalizer.cpp` at line 1658

/Users/alandefreitas/Documents/Code/C++/mrdocs/local/demo-forks/llvm/llvm/include/llvm/ADT/StringTable.h:72:3:
    1) StringTable: function is undocumented
  72 |   template <size_t N>
     |   ^~~~~~~~~~~~~~~~~~~


An issue occurred during execution.
If you believe this is a bug, please report it at https://github.com/cppalliance/mrdocs/issues
with the following details:
    MrDocs Version: 0.8.0 (Build: bc8722535fba9a2811a8f9d0cadfe04e4248478b)
    Reported From: `src/mrdocs/Metadata/Finalizers/DocCommentFinalizer.cpp` at line 1658

/Users/alandefreitas/Documents/Code/C++/mrdocs/local/demo-forks/llvm/llvm/include/llvm/ADT/StringTable.h:61:5:
    1) operator!=: function is undocumented
  61 |     friend constexpr bool operator!=(const Offset &LHS, const Offset &RHS) {
     |     ^~~~~~~~~~~~~~~~~~~~~~~~~~~~~~~~~~~~~~~~~~~~~~~~~~~~~~~~~~~~~~~~~~~~~~~~


An issue occurred during execution.
If you believe this is a bug, please report it at https://github.com/cppalliance/mrdocs/issues
with the following details:
    MrDocs Version: 0.8.0 (Build: bc8722535fba9a2811a8f9d0cadfe04e4248478b)
    Reported From: `src/mrdocs/Metadata/Finalizers/DocCommentFinalizer.cpp` at line 1658

/Users/alandefreitas/Documents/Code/C++/mrdocs/local/demo-forks/llvm/llvm/include/llvm/ADT/StringTable.h:55:5:
    1) Offset: function is undocumented
  55 |     constexpr Offset(unsigned Value) : Value(Value) {}
     |     ^~~~~~~~~~~~~~~~~~~~~~~~~~~~~~~~~~~~~~~~~~~~~~~~~~


An issue occurred during execution.
If you believe this is a bug, please report it at https://github.com/cppalliance/mrdocs/issues
with the following details:
    MrDocs Version: 0.8.0 (Build: bc8722535fba9a2811a8f9d0cadfe04e4248478b)
    Reported From: `src/mrdocs/Metadata/Finalizers/DocCommentFinalizer.cpp` at line 1658

/Users/alandefreitas/Documents/Code/C++/mrdocs/local/demo-forks/llvm/llvm/include/llvm/ADT/StringTable.h:54:5:
    1) Offset: function is undocumented
  54 |     constexpr Offset() = default;
     |     ^~~~~~~~~~~~~~~~~~~~~~~~~~~~~


An issue occurred during execution.
If you believe this is a bug, please report it at https://github.com/cppalliance/mrdocs/issues
with the following details:
    MrDocs Version: 0.8.0 (Build: bc8722535fba9a2811a8f9d0cadfe04e4248478b)
    Reported From: `src/mrdocs/Metadata/Finalizers/DocCommentFinalizer.cpp` at line 1658

/Users/alandefreitas/Documents/Code/C++/mrdocs/local/demo-forks/llvm/llvm/include/llvm/ADT/fallible_iterator.h:231:1:
    1) make_fallible_range: function is undocumented
  231 | template <typename Underlying>
      | ^~~~~~~~~~~~~~~~~~~~~~~~~~~~~~


An issue occurred during execution.
If you believe this is a bug, please report it at https://github.com/cppalliance/mrdocs/issues
with the following details:
    MrDocs Version: 0.8.0 (Build: bc8722535fba9a2811a8f9d0cadfe04e4248478b)
    Reported From: `src/mrdocs/Metadata/Finalizers/DocCommentFinalizer.cpp` at line 1658

/Users/alandefreitas/Documents/Code/C++/mrdocs/local/demo-forks/llvm/llvm/include/llvm/ADT/iterator.h:142:3:
    1) operator+: function is undocumented
  142 |   friend DerivedT operator+(DifferenceTypeT n, const DerivedT &i) {
      |   ^~~~~~~~~~~~~~~~~~~~~~~~~~~~~~~~~~~~~~~~~~~~~~~~~~~~~~~~~~~~~~~~~


An issue occurred during execution.
If you believe this is a bug, please report it at https://github.com/cppalliance/mrdocs/issues
with the following details:
    MrDocs Version: 0.8.0 (Build: bc8722535fba9a2811a8f9d0cadfe04e4248478b)
    Reported From: `src/mrdocs/Metadata/Finalizers/DocCommentFinalizer.cpp` at line 1658

error limit reached (max-errors=200); further diagnostics suppressed. Rerun with --max-errors=0 for the full report.


An issue occurred during execution.
If you believe this is a bug, please report it at https://github.com/cppalliance/mrdocs/issues
with the following details:
    MrDocs Version: 0.8.0 (Build: bc8722535fba9a2811a8f9d0cadfe04e4248478b)
    Reported From: `src/mrdocs/Metadata/Finalizers/DocCommentFinalizer.cpp` at line 1665

[0;37mExtracted 9929 declarations in 8min 34s 831ms
[0m[0;37m  - regular symbols: 8705
[0m[0;37m  - see-below symbols: 1
[0m[0;37m  - implementation-defined symbols: 131
[0m[0;37m  - dependency symbols: 1092
[0m    1) PointerProxy: anomalous brief (too long, reads like a description (271 chars)): "A proxy object for computing a pointer via indirecting a copy of a reference. This is used in APIs w..."

An issue occurred during execution.
If you believe this is a bug, please report it at https://github.com/cppalliance/mrdocs/issues
with the following details:
    MrDocs Version: 0.8.0 (Build: bc8722535fba9a2811a8f9d0cadfe04e4248478b)
    Reported From: `src/mrdocs/Extensions/LuaBinding.cpp` at line 138

llvm/include/llvm/ADT/TypeSwitch.h:198:7:
    1) Case: anomalous brief (too long, reads like a description (203 chars)): "Invoke a case on the derived class, inferring the type of the Case from the first input of the given..."

An issue occurred during execution.
If you believe this is a bug, please report it at https://github.com/cppalliance/mrdocs/issues
with the following details:
    MrDocs Version: 0.8.0 (Build: bc8722535fba9a2811a8f9d0cadfe04e4248478b)
    Reported From: `src/mrdocs/Extensions/LuaBinding.cpp` at line 138

    1) isValidArbitraryFPFormat: anomalous brief (too long, reads like a description (170 chars)): "Returns true if the given string is a valid arbitrary floating-point format interpretation for llvm...."

An issue occurred during execution.
If you believe this is a bug, please report it at https://github.com/cppalliance/mrdocs/issues
with the following details:
    MrDocs Version: 0.8.0 (Build: bc8722535fba9a2811a8f9d0cadfe04e4248478b)
    Reported From: `src/mrdocs/Extensions/LuaBinding.cpp` at line 138

    1) getArbitraryFPFormatSizeInBits: anomalous brief (too long, reads like a description (235 chars)): "Returns the size in bits of a valid arbitrary floating-point format string, or 0 if the string is no..."

An issue occurred during execution.
If you believe this is a bug, please report it at https://github.com/cppalliance/mrdocs/issues
with the following details:
    MrDocs Version: 0.8.0 (Build: bc8722535fba9a2811a8f9d0cadfe04e4248478b)
    Reported From: `src/mrdocs/Extensions/LuaBinding.cpp` at line 138

llvm/include/llvm/ADT/APFloat.h:160:3:
    1) Semantics: anomalous brief (too short): "@{"

An issue occurred during execution.
If you believe this is a bug, please report it at https://github.com/cppalliance/mrdocs/issues
with the following details:
    MrDocs Version: 0.8.0 (Build: bc8722535fba9a2811a8f9d0cadfe04e4248478b)
    Reported From: `src/mrdocs/Extensions/LuaBinding.cpp` at line 138

llvm/include/llvm/ADT/APFloat.h:1558:3:
    1) isExactlyValue: anomalous brief (too long, reads like a description (231 chars)): "We don't rely on operator== working on double values, as it returns true for things that are clearly..."

An issue occurred during execution.
If you believe this is a bug, please report it at https://github.com/cppalliance/mrdocs/issues
with the following details:
    MrDocs Version: 0.8.0 (Build: bc8722535fba9a2811a8f9d0cadfe04e4248478b)
    Reported From: `src/mrdocs/Extensions/LuaBinding.cpp` at line 138

llvm/include/llvm/ADT/TypeSwitch.h:91:20:
    1) Case: anomalous brief (too long, reads like a description (203 chars)): "Invoke a case on the derived class, inferring the type of the Case from the first input of the given..."

An issue occurred during execution.
If you believe this is a bug, please report it at https://github.com/cppalliance/mrdocs/issues
with the following details:
    MrDocs Version: 0.8.0 (Build: bc8722535fba9a2811a8f9d0cadfe04e4248478b)
    Reported From: `src/mrdocs/Extensions/LuaBinding.cpp` at line 138

llvm/include/llvm/ADT/APFloat.h:1728:1:
    1) minnum: anomalous brief (too long, reads like a description (242 chars)): "Implements IEEE-754 2008 minNum semantics. Returns the smaller of the 2 arguments if both are not Na..."

An issue occurred during execution.
If you believe this is a bug, please report it at https://github.com/cppalliance/mrdocs/issues
with the following details:
    MrDocs Version: 0.8.0 (Build: bc8722535fba9a2811a8f9d0cadfe04e4248478b)
    Reported From: `src/mrdocs/Extensions/LuaBinding.cpp` at line 138

llvm/include/llvm/ADT/DirectedGraph.h:353:3:
    1) connect: anomalous brief (too long, reads like a description (187 chars)): "Assuming nodes Src and Dst are already in the graph, connect node Src to node Dst using the provided..."

An issue occurred during execution.
If you believe this is a bug, please report it at https://github.com/cppalliance/mrdocs/issues
with the following details:
    MrDocs Version: 0.8.0 (Build: bc8722535fba9a2811a8f9d0cadfe04e4248478b)
    Reported From: `src/mrdocs/Extensions/LuaBinding.cpp` at line 138

    1) AddDelta: anomalous brief (too long, reads like a description (176 chars)): "When a change is made that shifts around the text buffer, this method is used to record that info. I..."

An issue occurred during execution.
If you believe this is a bug, please report it at https://github.com/cppalliance/mrdocs/issues
with the following details:
    MrDocs Version: 0.8.0 (Build: bc8722535fba9a2811a8f9d0cadfe04e4248478b)
    Reported From: `src/mrdocs/Extensions/LuaBinding.cpp` at line 138

    1) write: anomalous brief (too long, reads like a description (261 chars)): "Write to Stream the result of applying all changes to the original buffer. Note that it isn't safe t..."

An issue occurred during execution.
If you believe this is a bug, please report it at https://github.com/cppalliance/mrdocs/issues
with the following details:
    MrDocs Version: 0.8.0 (Build: bc8722535fba9a2811a8f9d0cadfe04e4248478b)
    Reported From: `src/mrdocs/Extensions/LuaBinding.cpp` at line 138

llvm/include/llvm/ADT/RewriteBuffer.h:101:3:
    1) InsertTextBefore: anomalous brief (too long, reads like a description (268 chars)): "InsertTextBefore - Insert some text before the specified point, where the offset in the buffer is sp..."

An issue occurred during execution.
If you believe this is a bug, please report it at https://github.com/cppalliance/mrdocs/issues
with the following details:
    MrDocs Version: 0.8.0 (Build: bc8722535fba9a2811a8f9d0cadfe04e4248478b)
    Reported From: `src/mrdocs/Extensions/LuaBinding.cpp` at line 138

llvm/include/llvm/ADT/Bitfields.h:165:1:
    1) ResolveUnderlyingType: anomalous brief (too long, reads like a description (317 chars)): "Bitfield deals with the following type: - unsigned enums - signed and unsigned integer - bool Intern..."

An issue occurred during execution.
If you believe this is a bug, please report it at https://github.com/cppalliance/mrdocs/issues
with the following details:
    MrDocs Version: 0.8.0 (Build: bc8722535fba9a2811a8f9d0cadfe04e4248478b)
    Reported From: `src/mrdocs/Extensions/LuaBinding.cpp` at line 138

llvm/include/llvm/ADT/EquivalenceClasses.h:237:3:
    1) getLeaderValue: anomalous brief (too long, reads like a description (178 chars)): "Return the leader for the specified value that is in the set. It is an error to call this method for..."

An issue occurred during execution.
If you believe this is a bug, please report it at https://github.com/cppalliance/mrdocs/issues
with the following details:
    MrDocs Version: 0.8.0 (Build: bc8722535fba9a2811a8f9d0cadfe04e4248478b)
    Reported From: `src/mrdocs/Extensions/LuaBinding.cpp` at line 138

llvm/include/llvm/ADT/EquivalenceClasses.h:348:3:
    1) findLeader: anomalous brief (too long, reads like a description (234 chars)): "Given a value in the set, return a member iterator for the equivalence class it is in. This does the..."

An issue occurred during execution.
If you believe this is a bug, please report it at https://github.com/cppalliance/mrdocs/issues
with the following details:
    MrDocs Version: 0.8.0 (Build: bc8722535fba9a2811a8f9d0cadfe04e4248478b)
    Reported From: `src/mrdocs/Extensions/LuaBinding.cpp` at line 138

llvm/include/llvm/ADT/RewriteBuffer.h:34:1:
    1) RewriteBuffer: anomalous brief (too long, reads like a description (418 chars)): "RewriteBuffer - As code is rewritten, SourceBuffer's from the original input with modifications get ..."

An issue occurred during execution.
If you believe this is a bug, please report it at https://github.com/cppalliance/mrdocs/issues
with the following details:
    MrDocs Version: 0.8.0 (Build: bc8722535fba9a2811a8f9d0cadfe04e4248478b)
    Reported From: `src/mrdocs/Extensions/LuaBinding.cpp` at line 138

    1) UniformValues: anomalous brief (too long, reads like a description (203 chars)): "Values known to be uniform. Populated in initialize() with all values, then values are removed as di..."

An issue occurred during execution.
If you believe this is a bug, please report it at https://github.com/cppalliance/mrdocs/issues
with the following details:
    MrDocs Version: 0.8.0 (Build: bc8722535fba9a2811a8f9d0cadfe04e4248478b)
    Reported From: `src/mrdocs/Extensions/LuaBinding.cpp` at line 138

llvm/include/llvm/ADT/GenericUniformityImpl.h:473:3:
    1) isDivergent: anomalous brief (too long, reads like a description (239 chars)): "Whether Val is divergent at its definition. When the target has no branch divergence, compute() is n..."

An issue occurred during execution.
If you believe this is a bug, please report it at https://github.com/cppalliance/mrdocs/issues
with the following details:
    MrDocs Version: 0.8.0 (Build: bc8722535fba9a2811a8f9d0cadfe04e4248478b)
    Reported From: `src/mrdocs/Extensions/LuaBinding.cpp` at line 138

    1) getFromFloatValue: anomalous brief (too long, reads like a description (402 chars)): "Create an APFixedPoint with a value equal to that of the provided floating point value, in the provi..."

An issue occurred during execution.
If you believe this is a bug, please report it at https://github.com/cppalliance/mrdocs/issues
with the following details:
    MrDocs Version: 0.8.0 (Build: bc8722535fba9a2811a8f9d0cadfe04e4248478b)
    Reported From: `src/mrdocs/Extensions/LuaBinding.cpp` at line 138

llvm/include/llvm/ADT/APFixedPoint.h:210:1:
    1) APFixedPoint: anomalous brief (too long, reads like a description (388 chars)): "The APFixedPoint class works similarly to APInt/APSInt in that it is a functional replacement for a ..."

An issue occurred during execution.
If you believe this is a bug, please report it at https://github.com/cppalliance/mrdocs/issues
with the following details:
    MrDocs Version: 0.8.0 (Build: bc8722535fba9a2811a8f9d0cadfe04e4248478b)
    Reported From: `src/mrdocs/Extensions/LuaBinding.cpp` at line 138

    1) toOpaqueInt: anomalous brief (too long, reads like a description (210 chars)): "Convert the semantics to a 32-bit unsigned integer. The result is dependent on the host endianness a..."

An issue occurred during execution.
If you believe this is a bug, please report it at https://github.com/cppalliance/mrdocs/issues
with the following details:
    MrDocs Version: 0.8.0 (Build: bc8722535fba9a2811a8f9d0cadfe04e4248478b)
    Reported From: `src/mrdocs/Extensions/LuaBinding.cpp` at line 138

    1) fitsInFloatSemantics: anomalous brief (too long, reads like a description (429 chars)): "Returns true if this fixed-point semantic with its value bits interpreted as an integer can fit in t..."

An issue occurred during execution.
If you believe this is a bug, please report it at https://github.com/cppalliance/mrdocs/issues
with the following details:
    MrDocs Version: 0.8.0 (Build: bc8722535fba9a2811a8f9d0cadfe04e4248478b)
    Reported From: `src/mrdocs/Extensions/LuaBinding.cpp` at line 138

llvm/include/llvm/ADT/Uniformity.h:19:1:
    1) ValueUniformity: anomalous brief (too long, reads like a description (248 chars)): "Enum describing how values behave with respect to uniformity and divergence, to answer the question:..."

An issue occurred during execution.
If you believe this is a bug, please report it at https://github.com/cppalliance/mrdocs/issues
with the following details:
    MrDocs Version: 0.8.0 (Build: bc8722535fba9a2811a8f9d0cadfe04e4248478b)
    Reported From: `src/mrdocs/Extensions/LuaBinding.cpp` at line 138

llvm/include/llvm/ADT/PriorityQueue.h:81:3:
    1) reheapify: anomalous brief (too long, reads like a description (345 chars)): "reheapify - If an element in the queue has changed in a way that affects its standing in the compari..."

An issue occurred during execution.
If you believe this is a bug, please report it at https://github.com/cppalliance/mrdocs/issues
with the following details:
    MrDocs Version: 0.8.0 (Build: bc8722535fba9a2811a8f9d0cadfe04e4248478b)
    Reported From: `src/mrdocs/Extensions/LuaBinding.cpp` at line 138

    1) getCommonSemantics: anomalous brief (too long, reads like a description (238 chars)): "Return the FixedPointSemantics that allows for calculating the full precision semantic that can prec..."

An issue occurred during execution.
If you believe this is a bug, please report it at https://github.com/cppalliance/mrdocs/issues
with the following details:
    MrDocs Version: 0.8.0 (Build: bc8722535fba9a2811a8f9d0cadfe04e4248478b)
    Reported From: `src/mrdocs/Extensions/LuaBinding.cpp` at line 138

llvm/include/llvm/Support/LogicalResult.h:124:1:
    1) ParseResult: anomalous brief (too long, reads like a description (225 chars)): "This class represents success/failure for parsing-like operations that find it important to chain to..."

An issue occurred during execution.
If you believe this is a bug, please report it at https://github.com/cppalliance/mrdocs/issues
with the following details:
    MrDocs Version: 0.8.0 (Build: bc8722535fba9a2811a8f9d0cadfe04e4248478b)
    Reported From: `src/mrdocs/Extensions/LuaBinding.cpp` at line 138

llvm/include/llvm/ADT/AddressRanges.h:88:1:
    1) AddressRangesBase: anomalous brief (too long, reads like a description (310 chars)): "The AddressRangesBase class presents the base functionality for the normalized address ranges collec..."

An issue occurred during execution.
If you believe this is a bug, please report it at https://github.com/cppalliance/mrdocs/issues
with the following details:
    MrDocs Version: 0.8.0 (Build: bc8722535fba9a2811a8f9d0cadfe04e4248478b)
    Reported From: `src/mrdocs/Extensions/LuaBinding.cpp` at line 138

    1) getFirstEl: anomalous brief (too long, reads like a description (208 chars)): "Find the address of the first element. For this pointer math to be valid with small-size of 0 for T ..."

An issue occurred during execution.
If you believe this is a bug, please report it at https://github.com/cppalliance/mrdocs/issues
with the following details:
    MrDocs Version: 0.8.0 (Build: bc8722535fba9a2811a8f9d0cadfe04e4248478b)
    Reported From: `src/mrdocs/Extensions/LuaBinding.cpp` at line 138

llvm/include/llvm/ADT/AddressRanges.h:239:1:
    1) AddressRangesMap: anomalous brief (too long, reads like a description (425 chars)): "AddressRangesMap class maps values to the address ranges. It keeps normalized address ranges and cor..."

An issue occurred during execution.
If you believe this is a bug, please report it at https://github.com/cppalliance/mrdocs/issues
with the following details:
    MrDocs Version: 0.8.0 (Build: bc8722535fba9a2811a8f9d0cadfe04e4248478b)
    Reported From: `src/mrdocs/Extensions/LuaBinding.cpp` at line 138

llvm/include/llvm/ADT/SparseSet.h:56:1:
    1) SparseSetValTraits: anomalous brief (too long, reads like a description (533 chars)): "SparseSetValTraits - Objects in a SparseSet are identified by keys that can be uniquely converted to..."

An issue occurred during execution.
If you believe this is a bug, please report it at https://github.com/cppalliance/mrdocs/issues
with the following details:
    MrDocs Version: 0.8.0 (Build: bc8722535fba9a2811a8f9d0cadfe04e4248478b)
    Reported From: `src/mrdocs/Extensions/LuaBinding.cpp` at line 138

    1) Input: anomalous brief (too long, reads like a description (210 chars)): "Denormal treatment kind for floating point instruction inputs in the default floating-point environm..."

An issue occurred during execution.
If you believe this is a bug, please report it at https://github.com/cppalliance/mrdocs/issues
with the following details:
    MrDocs Version: 0.8.0 (Build: bc8722535fba9a2811a8f9d0cadfe04e4248478b)
    Reported From: `src/mrdocs/Extensions/LuaBinding.cpp` at line 138

    1) orderedStrictlyLess: anomalous brief (too long, reads like a description (215 chars)): "Returns all FPClasses which are less than all values in Mask That is, return all classes for which t..."

An issue occurred during execution.
If you believe this is a bug, please report it at https://github.com/cppalliance/mrdocs/issues
with the following details:
    MrDocs Version: 0.8.0 (Build: bc8722535fba9a2811a8f9d0cadfe04e4248478b)
    Reported From: `src/mrdocs/Extensions/LuaBinding.cpp` at line 138

llvm/include/llvm/ADT/LazyAtomicPointer.h:34:1:
    1) LazyAtomicPointer: anomalous brief (too long, reads like a description (197 chars)): "Atomic pointer that's lock-free, but that can coordinate concurrent writes from a lazy generator. Sh..."

An issue occurred during execution.
If you believe this is a bug, please report it at https://github.com/cppalliance/mrdocs/issues
with the following details:
    MrDocs Version: 0.8.0 (Build: bc8722535fba9a2811a8f9d0cadfe04e4248478b)
    Reported From: `src/mrdocs/Extensions/LuaBinding.cpp` at line 138

llvm/include/llvm/ADT/IntervalTree.h:694:3:
    1) sortIntervals: anomalous brief (too long, reads like a description (186 chars)): "Sort the given intervals using the following sort options: Ascending: return the intervals with the ..."

An issue occurred during execution.
If you believe this is a bug, please report it at https://github.com/cppalliance/mrdocs/issues
with the following details:
    MrDocs Version: 0.8.0 (Build: bc8722535fba9a2811a8f9d0cadfe04e4248478b)
    Reported From: `src/mrdocs/Extensions/LuaBinding.cpp` at line 138

llvm/include/llvm/ADT/SCCIterator.h:278:1:
    1) scc_member_iterator: anomalous brief (too long, reads like a description (198 chars)): "Sort the nodes of a directed SCC in the decreasing order of the edge weights. The instantiating Grap..."

An issue occurred during execution.
If you believe this is a bug, please report it at https://github.com/cppalliance/mrdocs/issues
with the following details:
    MrDocs Version: 0.8.0 (Build: bc8722535fba9a2811a8f9d0cadfe04e4248478b)
    Reported From: `src/mrdocs/Extensions/LuaBinding.cpp` at line 138

llvm/include/llvm/ADT/StableHashing.h:112:1:
    1) stable_hash_name: anomalous brief (too long, reads like a description (327 chars)): "Generates a consistent hash value for a given input name across different program executions and env..."

An issue occurred during execution.
If you believe this is a bug, please report it at https://github.com/cppalliance/mrdocs/issues
with the following details:
    MrDocs Version: 0.8.0 (Build: bc8722535fba9a2811a8f9d0cadfe04e4248478b)
    Reported From: `src/mrdocs/Extensions/LuaBinding.cpp` at line 138

llvm/include/llvm/ADT/SetOperations.h:163:1:
    1) set_subtract: anomalous brief (too long, reads like a description (165 chars)): "set_subtract(A, B, C, D) - Compute A := A - B, set C to the elements of B removed from A (A ^ B), an..."

An issue occurred during execution.
If you believe this is a bug, please report it at https://github.com/cppalliance/mrdocs/issues
with the following details:
    MrDocs Version: 0.8.0 (Build: bc8722535fba9a2811a8f9d0cadfe04e4248478b)
    Reported From: `src/mrdocs/Extensions/LuaBinding.cpp` at line 138

llvm/include/llvm/ADT/TrieRawHashMap.h:122:3:
    1) PointerBase: anomalous brief (too long, reads like a description (231 chars)): "Result of a lookup. Suitable for an insertion hint. Maybe could be expanded into an iterator of sort..."

An issue occurred during execution.
If you believe this is a bug, please report it at https://github.com/cppalliance/mrdocs/issues
with the following details:
    MrDocs Version: 0.8.0 (Build: bc8722535fba9a2811a8f9d0cadfe04e4248478b)
    Reported From: `src/mrdocs/Extensions/LuaBinding.cpp` at line 138

llvm/include/llvm/ADT/StringMap.h:505:3:
    1) try_emplace: anomalous brief (too long, reads like a description (288 chars)): "Emplace a new element for the specified key into the map if the key isn't already in the map. The bo..."

An issue occurred during execution.
If you believe this is a bug, please report it at https://github.com/cppalliance/mrdocs/issues
with the following details:
    MrDocs Version: 0.8.0 (Build: bc8722535fba9a2811a8f9d0cadfe04e4248478b)
    Reported From: `src/mrdocs/Extensions/LuaBinding.cpp` at line 138

llvm/include/llvm/ADT/FoldingSet.h:738:1:
    1) FoldingSetVector: anomalous brief (too long, reads like a description (235 chars)): "This template class combines a FoldingSet and a vector to provide the interface of FoldingSet but wi..."

An issue occurred during execution.
If you believe this is a bug, please report it at https://github.com/cppalliance/mrdocs/issues
with the following details:
    MrDocs Version: 0.8.0 (Build: bc8722535fba9a2811a8f9d0cadfe04e4248478b)
    Reported From: `src/mrdocs/Extensions/LuaBinding.cpp` at line 138

llvm/include/llvm/ADT/StringMap.h:94:3:
    1) FindKey: anomalous brief (too long, reads like a description (174 chars)): "FindKey - Look up the bucket that contains the specified key. If it exists in the map, return the bu..."

An issue occurred during execution.
If you believe this is a bug, please report it at https://github.com/cppalliance/mrdocs/issues
with the following details:
    MrDocs Version: 0.8.0 (Build: bc8722535fba9a2811a8f9d0cadfe04e4248478b)
    Reported From: `src/mrdocs/Extensions/LuaBinding.cpp` at line 138

    1) hash: anomalous brief (too long, reads like a description (232 chars)): "Returns the hash value that will be used for the given string. This allows precomputing the value an..."

An issue occurred during execution.
If you believe this is a bug, please report it at https://github.com/cppalliance/mrdocs/issues
with the following details:
    MrDocs Version: 0.8.0 (Build: bc8722535fba9a2811a8f9d0cadfe04e4248478b)
    Reported From: `src/mrdocs/Extensions/LuaBinding.cpp` at line 138

llvm/include/llvm/ADT/APInt.h:551:3:
    1) isSameValue: anomalous brief (too long, reads like a description (164 chars)): "Determine if two APInts have the same value, after zero-extending or sign-extending (if SignedCompar..."

An issue occurred during execution.
If you believe this is a bug, please report it at https://github.com/cppalliance/mrdocs/issues
with the following details:
    MrDocs Version: 0.8.0 (Build: bc8722535fba9a2811a8f9d0cadfe04e4248478b)
    Reported From: `src/mrdocs/Extensions/LuaBinding.cpp` at line 138

llvm/include/llvm/ADT/StringMap.h:453:3:
    1) insert: anomalous brief (too long, reads like a description (290 chars)): "insert - Inserts the specified key/value pair into the map if the key isn't already in the map. The ..."

An issue occurred during execution.
If you believe this is a bug, please report it at https://github.com/cppalliance/mrdocs/issues
with the following details:
    MrDocs Version: 0.8.0 (Build: bc8722535fba9a2811a8f9d0cadfe04e4248478b)
    Reported From: `src/mrdocs/Extensions/LuaBinding.cpp` at line 138

llvm/include/llvm/Support/Format.h:189:1:
    1) format_decimal: anomalous brief (too long, reads like a description (294 chars)): "format_decimal - Output N as a right justified, fixed-width decimal. If number will not fit in width..."

An issue occurred during execution.
If you believe this is a bug, please report it at https://github.com/cppalliance/mrdocs/issues
with the following details:
    MrDocs Version: 0.8.0 (Build: bc8722535fba9a2811a8f9d0cadfe04e4248478b)
    Reported From: `src/mrdocs/Extensions/LuaBinding.cpp` at line 138

llvm/include/llvm/ADT/APFixedPoint.h:36:1:
    1) FixedPointSemantics: anomalous brief (too long, reads like a description (343 chars)): "The fixed point semantics work similarly to fltSemantics. The width specifies the whole bit width of..."

An issue occurred during execution.
If you believe this is a bug, please report it at https://github.com/cppalliance/mrdocs/issues
with the following details:
    MrDocs Version: 0.8.0 (Build: bc8722535fba9a2811a8f9d0cadfe04e4248478b)
    Reported From: `src/mrdocs/Extensions/LuaBinding.cpp` at line 138

llvm/include/llvm/ADT/CoalescingBitVector.h:38:1:
    1) CoalescingBitVector: anomalous brief (too long, reads like a description (231 chars)): "A bitvector that, under the hood, relies on an IntervalMap to coalesce elements into intervals. Good..."

An issue occurred during execution.
If you believe this is a bug, please report it at https://github.com/cppalliance/mrdocs/issues
with the following details:
    MrDocs Version: 0.8.0 (Build: bc8722535fba9a2811a8f9d0cadfe04e4248478b)
    Reported From: `src/mrdocs/Extensions/LuaBinding.cpp` at line 138

llvm/include/llvm/ADT/RewriteRope.h:108:1:
    1) RopePieceBTreeIterator: anomalous brief (too long, reads like a description (277 chars)): "RopePieceBTreeIterator - This class provides read-only forward iteration over bytes that are in a Ro..."

An issue occurred during execution.
If you believe this is a bug, please report it at https://github.com/cppalliance/mrdocs/issues
with the following details:
    MrDocs Version: 0.8.0 (Build: bc8722535fba9a2811a8f9d0cadfe04e4248478b)
    Reported From: `src/mrdocs/Extensions/LuaBinding.cpp` at line 138

llvm/include/llvm/Support/Threading.h:258:3:
    1) jobserver_concurrency: anomalous brief (too long, reads like a description (284 chars)): "Returns a thread strategy that attempts to coordinate with a GNU Make jobserver. The number of activ..."

An issue occurred during execution.
If you believe this is a bug, please report it at https://github.com/cppalliance/mrdocs/issues
with the following details:
    MrDocs Version: 0.8.0 (Build: bc8722535fba9a2811a8f9d0cadfe04e4248478b)
    Reported From: `src/mrdocs/Extensions/LuaBinding.cpp` at line 138

llvm/include/llvm/ADT/RewriteRope.h:34:1:
    1) RopeRefCountString: anomalous brief (too long, reads like a description (248 chars)): "RopeRefCountString - This struct is allocated with 'new char[]' from the heap, and represents a refe..."

An issue occurred during execution.
If you believe this is a bug, please report it at https://github.com/cppalliance/mrdocs/issues
with the following details:
    MrDocs Version: 0.8.0 (Build: bc8722535fba9a2811a8f9d0cadfe04e4248478b)
    Reported From: `src/mrdocs/Extensions/LuaBinding.cpp` at line 138

llvm/include/llvm/ADT/RewriteRope.h:247:1:
    1) RewriteRope: anomalous brief (too long, reads like a description (162 chars)): "RewriteRope - A powerful string class. This class supports extremely efficient insertions and deleti..."

An issue occurred during execution.
If you believe this is a bug, please report it at https://github.com/cppalliance/mrdocs/issues
with the following details:
    MrDocs Version: 0.8.0 (Build: bc8722535fba9a2811a8f9d0cadfe04e4248478b)
    Reported From: `src/mrdocs/Extensions/LuaBinding.cpp` at line 138

llvm/include/llvm/ADT/PostOrderIterator.h:261:1:
    1) PostOrderTraversal: anomalous brief (too long, reads like a description (272 chars)): "Post-order traversal of a graph. Note: the traversal state is stored in this class, not in the itera..."

An issue occurred during execution.
If you believe this is a bug, please report it at https://github.com/cppalliance/mrdocs/issues
with the following details:
    MrDocs Version: 0.8.0 (Build: bc8722535fba9a2811a8f9d0cadfe04e4248478b)
    Reported From: `src/mrdocs/Extensions/LuaBinding.cpp` at line 138

llvm/include/llvm/ADT/StringMapEntry.h:58:1:
    1) allocateWithKey: anomalous brief (too long, reads like a description (190 chars)): "Helper to tail-allocate Key. It'd be nice to generalize this so it could be reused elsewhere, maybe ..."

An issue occurred during execution.
If you believe this is a bug, please report it at https://github.com/cppalliance/mrdocs/issues
with the following details:
    MrDocs Version: 0.8.0 (Build: bc8722535fba9a2811a8f9d0cadfe04e4248478b)
    Reported From: `src/mrdocs/Extensions/LuaBinding.cpp` at line 138

llvm/include/llvm/ADT/StringMap.h:588:3:
    1) remove_if: anomalous brief (too long, reads like a description (198 chars)): "Remove entries that match the given predicate. Pred is invoked with a reference to each live entry a..."

An issue occurred during execution.
If you believe this is a bug, please report it at https://github.com/cppalliance/mrdocs/issues
with the following details:
    MrDocs Version: 0.8.0 (Build: bc8722535fba9a2811a8f9d0cadfe04e4248478b)
    Reported From: `src/mrdocs/Extensions/LuaBinding.cpp` at line 138

    1) apply_thread_strategy: anomalous brief (too long, reads like a description (219 chars)): "Assign the current thread to an ideal hardware CPU or NUMA node. In a multi-socket system, this ensu..."

An issue occurred during execution.
If you believe this is a bug, please report it at https://github.com/cppalliance/mrdocs/issues
with the following details:
    MrDocs Version: 0.8.0 (Build: bc8722535fba9a2811a8f9d0cadfe04e4248478b)
    Reported From: `src/mrdocs/Extensions/LuaBinding.cpp` at line 138

    1) set_thread_name: anomalous brief (too long, reads like a description (358 chars)): "Set the name of the current thread. Setting a thread's name can be helpful for enabling useful diagn..."

An issue occurred during execution.
If you believe this is a bug, please report it at https://github.com/cppalliance/mrdocs/issues
with the following details:
    MrDocs Version: 0.8.0 (Build: bc8722535fba9a2811a8f9d0cadfe04e4248478b)
    Reported From: `src/mrdocs/Extensions/LuaBinding.cpp` at line 138

    1) get_thread_affinity_mask: anomalous brief (too long, reads like a description (172 chars)): "Returns a mask that represents on which hardware thread, core, CPU, NUMA group, the calling thread c..."

An issue occurred during execution.
If you believe this is a bug, please report it at https://github.com/cppalliance/mrdocs/issues
with the following details:
    MrDocs Version: 0.8.0 (Build: bc8722535fba9a2811a8f9d0cadfe04e4248478b)
    Reported From: `src/mrdocs/Extensions/LuaBinding.cpp` at line 138

    1) UseJobserver: anomalous brief (too long, reads like a description (187 chars)): "If true, the thread pool will attempt to coordinate with a GNU Make jobserver, acquiring a job slot ..."

An issue occurred during execution.
If you believe this is a bug, please report it at https://github.com/cppalliance/mrdocs/issues
with the following details:
    MrDocs Version: 0.8.0 (Build: bc8722535fba9a2811a8f9d0cadfe04e4248478b)
    Reported From: `src/mrdocs/Extensions/LuaBinding.cpp` at line 138

llvm/include/llvm/Support/Threading.h:245:3:
    1) optimal_concurrency: anomalous brief (too long, reads like a description (197 chars)): "Returns an optimal thread strategy to execute specified amount of tasks. This strategy should preven..."

An issue occurred during execution.
If you believe this is a bug, please report it at https://github.com/cppalliance/mrdocs/issues
with the following details:
    MrDocs Version: 0.8.0 (Build: bc8722535fba9a2811a8f9d0cadfe04e4248478b)
    Reported From: `src/mrdocs/Extensions/LuaBinding.cpp` at line 138

    1) Low: anomalous brief (too long, reads like a description (209 chars)): "Lower the current thread's priority such that it does not affect foreground tasks significantly. Thi..."

An issue occurred during execution.
If you believe this is a bug, please report it at https://github.com/cppalliance/mrdocs/issues
with the following details:
    MrDocs Version: 0.8.0 (Build: bc8722535fba9a2811a8f9d0cadfe04e4248478b)
    Reported From: `src/mrdocs/Extensions/LuaBinding.cpp` at line 138

llvm/include/llvm/ADT/Sequence.h:349:1:
    1) seq: anomalous brief (too long, reads like a description (217 chars)): "Iterate over an integral type from 0 up to - but not including - Size. Note: Size value has to be wi..."

An issue occurred during execution.
If you believe this is a bug, please report it at https://github.com/cppalliance/mrdocs/issues
with the following details:
    MrDocs Version: 0.8.0 (Build: bc8722535fba9a2811a8f9d0cadfe04e4248478b)
    Reported From: `src/mrdocs/Extensions/LuaBinding.cpp` at line 138

llvm/include/llvm/CAS/OnDiskKeyValueDB.h:29:1:
    1) OnDiskKeyValueDB: anomalous brief (too long, reads like a description (327 chars)): "An on-disk key-value data store with the following properties: * Keys are fixed length binary hashes..."

An issue occurred during execution.
If you believe this is a bug, please report it at https://github.com/cppalliance/mrdocs/issues
with the following details:
    MrDocs Version: 0.8.0 (Build: bc8722535fba9a2811a8f9d0cadfe04e4248478b)
    Reported From: `src/mrdocs/Extensions/LuaBinding.cpp` at line 138

llvm/include/llvm/ADT/ConcurrentHashtable.h:74:1:
    1) ConcurrentHashTableInfoByPtr: anomalous brief (too long, reads like a description (305 chars)): "ConcurrentHashTable is a resizeable concurrent hashtable. The number of resizings limited up to x2^3..."

An issue occurred during execution.
If you believe this is a bug, please report it at https://github.com/cppalliance/mrdocs/issues
with the following details:
    MrDocs Version: 0.8.0 (Build: bc8722535fba9a2811a8f9d0cadfe04e4248478b)
    Reported From: `src/mrdocs/Extensions/LuaBinding.cpp` at line 138

llvm/include/llvm/ADT/SlowDynamicAPInt.h:37:1:
    1) SlowDynamicAPInt: anomalous brief (too long, reads like a description (332 chars)): "A simple class providing dynamic arbitrary-precision arithmetic. Internally, it stores an APInt, who..."

An issue occurred during execution.
If you believe this is a bug, please report it at https://github.com/cppalliance/mrdocs/issues
with the following details:
    MrDocs Version: 0.8.0 (Build: bc8722535fba9a2811a8f9d0cadfe04e4248478b)
    Reported From: `src/mrdocs/Extensions/LuaBinding.cpp` at line 138

llvm/include/llvm/ADT/DirectedGraph.h:326:3:
    1) removeNode: anomalous brief (too long, reads like a description (222 chars)): "Remove the given node N from the graph. If the node has incoming or outgoing edges, they are also re..."

An issue occurred during execution.
If you believe this is a bug, please report it at https://github.com/cppalliance/mrdocs/issues
with the following details:
    MrDocs Version: 0.8.0 (Build: bc8722535fba9a2811a8f9d0cadfe04e4248478b)
    Reported From: `src/mrdocs/Extensions/LuaBinding.cpp` at line 138

llvm/include/llvm/ADT/Sequence.h:371:1:
    1) enum_seq: anomalous brief (too long, reads like a description (318 chars)): "Iterate over an enum type from Begin up to - but not including - End. Note: enum_seq will generate e..."

An issue occurred during execution.
If you believe this is a bug, please report it at https://github.com/cppalliance/mrdocs/issues
with the following details:
    MrDocs Version: 0.8.0 (Build: bc8722535fba9a2811a8f9d0cadfe04e4248478b)
    Reported From: `src/mrdocs/Extensions/LuaBinding.cpp` at line 138

llvm/include/llvm/ADT/GenericCycleInfo.h:167:3:
    1) const_child_iterator: anomalous brief (too long, reads like a description (185 chars)): "Iteration over child cycles, yielding handles. The first child (if any) immediately follows this cyc..."

An issue occurred during execution.
If you believe this is a bug, please report it at https://github.com/cppalliance/mrdocs/issues
with the following details:
    MrDocs Version: 0.8.0 (Build: bc8722535fba9a2811a8f9d0cadfe04e4248478b)
    Reported From: `src/mrdocs/Extensions/LuaBinding.cpp` at line 138

llvm/include/llvm/ADT/Sequence.h:359:1:
    1) seq_inclusive: anomalous brief (too long, reads like a description (217 chars)): "Iterate over an integral type from Begin to End inclusive. Note: Begin and End values have to be wit..."

An issue occurred during execution.
If you believe this is a bug, please report it at https://github.com/cppalliance/mrdocs/issues
with the following details:
    MrDocs Version: 0.8.0 (Build: bc8722535fba9a2811a8f9d0cadfe04e4248478b)
    Reported From: `src/mrdocs/Extensions/LuaBinding.cpp` at line 138

llvm/include/llvm/ADT/GenericCycleInfo.h:41:1:
    1) CycleRef: anomalous brief (too long, reads like a description (266 chars)): "Opaque handle to a cycle within a GenericCycleInfo that wraps the cycle's preorder index. Handles re..."

An issue occurred during execution.
If you believe this is a bug, please report it at https://github.com/cppalliance/mrdocs/issues
with the following details:
    MrDocs Version: 0.8.0 (Build: bc8722535fba9a2811a8f9d0cadfe04e4248478b)
    Reported From: `src/mrdocs/Extensions/LuaBinding.cpp` at line 138

llvm/include/llvm/ADT/ImmutableMap.h:422:3:
    1) ImmutableMapRef: anomalous brief (too long, reads like a description (217 chars)): "Constructs a map from a pointer to a tree root. In general one should use a Factory object to create..."

An issue occurred during execution.
If you believe this is a bug, please report it at https://github.com/cppalliance/mrdocs/issues
with the following details:
    MrDocs Version: 0.8.0 (Build: bc8722535fba9a2811a8f9d0cadfe04e4248478b)
    Reported From: `src/mrdocs/Extensions/LuaBinding.cpp` at line 138

llvm/include/llvm/ADT/ImmutableSet.h:782:3:
    1) splitLookup: anomalous brief (too long, reads like a description (188 chars)): "Splits T into L (all keys less than K) and R (all keys greater than K). If K is present in T, Match ..."

An issue occurred during execution.
If you believe this is a bug, please report it at https://github.com/cppalliance/mrdocs/issues
with the following details:
    MrDocs Version: 0.8.0 (Build: bc8722535fba9a2811a8f9d0cadfe04e4248478b)
    Reported From: `src/mrdocs/Extensions/LuaBinding.cpp` at line 138

llvm/include/llvm/ADT/DenseMap.h:1325:3:
    1) DenseMapIterator: anomalous brief (too long, reads like a description (162 chars)): "Converting ctor from non-const iterators to const iterators. SFINAE'd out for const iterator destina..."

An issue occurred during execution.
If you believe this is a bug, please report it at https://github.com/cppalliance/mrdocs/issues
with the following details:
    MrDocs Version: 0.8.0 (Build: bc8722535fba9a2811a8f9d0cadfe04e4248478b)
    Reported From: `src/mrdocs/Extensions/LuaBinding.cpp` at line 138

    1) InsertNode: anomalous brief (too long, reads like a description (192 chars)): "Insert the specified node into the folding set, knowing that it is not already in the folding set. I..."

An issue occurred during execution.
If you believe this is a bug, please report it at https://github.com/cppalliance/mrdocs/issues
with the following details:
    MrDocs Version: 0.8.0 (Build: bc8722535fba9a2811a8f9d0cadfe04e4248478b)
    Reported From: `src/mrdocs/Extensions/LuaBinding.cpp` at line 138

llvm/include/llvm/ADT/ImmutableSet.h:894:3:
    1) add_internal: anomalous brief (too long, reads like a description (188 chars)): "add_internal - Creates a new tree that includes the specified data and the data from the original tr..."

An issue occurred during execution.
If you believe this is a bug, please report it at https://github.com/cppalliance/mrdocs/issues
with the following details:
    MrDocs Version: 0.8.0 (Build: bc8722535fba9a2811a8f9d0cadfe04e4248478b)
    Reported From: `src/mrdocs/Extensions/LuaBinding.cpp` at line 138

    1) SetOneShotPipeSignalFunction: anomalous brief (too long, reads like a description (208 chars)): "Registers a function to be called in a "one-shot" manner when a pipe signal is delivered to the proc..."

An issue occurred during execution.
If you believe this is a bug, please report it at https://github.com/cppalliance/mrdocs/issues
with the following details:
    MrDocs Version: 0.8.0 (Build: bc8722535fba9a2811a8f9d0cadfe04e4248478b)
    Reported From: `src/mrdocs/Extensions/LuaBinding.cpp` at line 138

llvm/include/llvm/ADT/ImmutableSet.h:66:1:
    1) CanonicalDigest: anomalous brief (too long, reads like a description (203 chars)): "The cached structural digest, used only for canonicalization. Stored as an LLVM_NO_UNIQUE_ADDRESS me..."

An issue occurred during execution.
If you believe this is a bug, please report it at https://github.com/cppalliance/mrdocs/issues
with the following details:
    MrDocs Version: 0.8.0 (Build: bc8722535fba9a2811a8f9d0cadfe04e4248478b)
    Reported From: `src/mrdocs/Extensions/LuaBinding.cpp` at line 138

llvm/include/llvm/ADT/STLExtras.h:1213:1:
    1) indexed_accessor_range_base: anomalous brief (too long, reads like a description (506 chars)): "The class represents the base of a range of indexed_accessor_iterators. It provides support for many..."

An issue occurred during execution.
If you believe this is a bug, please report it at https://github.com/cppalliance/mrdocs/issues
with the following details:
    MrDocs Version: 0.8.0 (Build: bc8722535fba9a2811a8f9d0cadfe04e4248478b)
    Reported From: `src/mrdocs/Extensions/LuaBinding.cpp` at line 138

llvm/include/llvm/ADT/FoldingSet.h:350:3:
    1) ComputeHash: anomalous brief (too long, reads like a description (172 chars)): "Compute a strong hash value for this FoldingSetNodeID, used to lookup the node in the FoldingSetBase..."

An issue occurred during execution.
If you believe this is a bug, please report it at https://github.com/cppalliance/mrdocs/issues
with the following details:
    MrDocs Version: 0.8.0 (Build: bc8722535fba9a2811a8f9d0cadfe04e4248478b)
    Reported From: `src/mrdocs/Extensions/LuaBinding.cpp` at line 138

llvm/include/llvm/ADT/ImmutableMap.h:245:3:
    1) operator==: anomalous brief (too long, reads like a description (263 chars)): "Compares two maps for equality. For a canonicalizing factory, maps with equal contents share the sam..."

An issue occurred during execution.
If you believe this is a bug, please report it at https://github.com/cppalliance/mrdocs/issues
with the following details:
    MrDocs Version: 0.8.0 (Build: bc8722535fba9a2811a8f9d0cadfe04e4248478b)
    Reported From: `src/mrdocs/Extensions/LuaBinding.cpp` at line 138

llvm/include/llvm/ADT/SmallSet.h:237:3:
    1) insert: anomalous brief (too long, reads like a description (263 chars)): "insert - Insert an element into the set if it isn't already there. Returns a pair. The first value o..."

An issue occurred during execution.
If you believe this is a bug, please report it at https://github.com/cppalliance/mrdocs/issues
with the following details:
    MrDocs Version: 0.8.0 (Build: bc8722535fba9a2811a8f9d0cadfe04e4248478b)
    Reported From: `src/mrdocs/Extensions/LuaBinding.cpp` at line 138

llvm/include/llvm/ADT/ImmutableSet.h:1215:1:
    1) ImutProfileInfo: anomalous brief (too long, reads like a description (179 chars)): "Generic profile template. The default behavior is to invoke the profile method of an object. Special..."

An issue occurred during execution.
If you believe this is a bug, please report it at https://github.com/cppalliance/mrdocs/issues
with the following details:
    MrDocs Version: 0.8.0 (Build: bc8722535fba9a2811a8f9d0cadfe04e4248478b)
    Reported From: `src/mrdocs/Extensions/LuaBinding.cpp` at line 138

llvm/include/llvm/ADT/ImmutableSet.h:816:3:
    1) transformTree: anomalous brief (too long, reads like a description (179 chars)): "Rebuilds T with the same shape but each element replaced by Combine applied to it. FromB selects whi..."

An issue occurred during execution.
If you believe this is a bug, please report it at https://github.com/cppalliance/mrdocs/issues
with the following details:
    MrDocs Version: 0.8.0 (Build: bc8722535fba9a2811a8f9d0cadfe04e4248478b)
    Reported From: `src/mrdocs/Extensions/LuaBinding.cpp` at line 138

    1) SetInterruptFunction: anomalous brief (too long, reads like a description (287 chars)): "This function registers a function to be called when the user "interrupts" the program (typically by..."

An issue occurred during execution.
If you believe this is a bug, please report it at https://github.com/cppalliance/mrdocs/issues
with the following details:
    MrDocs Version: 0.8.0 (Build: bc8722535fba9a2811a8f9d0cadfe04e4248478b)
    Reported From: `src/mrdocs/Extensions/LuaBinding.cpp` at line 138

llvm/include/llvm/ADT/ImmutableSet.h:270:3:
    1) validateTree: anomalous brief (too long, reads like a description (334 chars)): "A utility method that checks that the balancing and ordering invariants of the tree are satisfied. I..."

An issue occurred during execution.
If you believe this is a bug, please report it at https://github.com/cppalliance/mrdocs/issues
with the following details:
    MrDocs Version: 0.8.0 (Build: bc8722535fba9a2811a8f9d0cadfe04e4248478b)
    Reported From: `src/mrdocs/Extensions/LuaBinding.cpp` at line 138

llvm/include/llvm/ADT/ilist_iterator.h:213:1:
    1) ilist_iterator_w_bits: anomalous brief (too long, reads like a description (182 chars)): "Iterator for intrusive lists based on ilist_node. Much like ilist_iterator, but with the addition of..."

An issue occurred during execution.
If you believe this is a bug, please report it at https://github.com/cppalliance/mrdocs/issues
with the following details:
    MrDocs Version: 0.8.0 (Build: bc8722535fba9a2811a8f9d0cadfe04e4248478b)
    Reported From: `src/mrdocs/Extensions/LuaBinding.cpp` at line 138

llvm/include/llvm/ADT/FoldingSet.h:160:1:
    1) FoldingSetTrait: anomalous brief (too long, reads like a description (410 chars)): "This trait class is used to define behavior of how to "profile" (in the FoldingSet parlance) an obje..."

An issue occurred during execution.
If you believe this is a bug, please report it at https://github.com/cppalliance/mrdocs/issues
with the following details:
    MrDocs Version: 0.8.0 (Build: bc8722535fba9a2811a8f9d0cadfe04e4248478b)
    Reported From: `src/mrdocs/Extensions/LuaBinding.cpp` at line 138

llvm/include/llvm/ADT/FoldingSet.h:469:3:
    1) FoldingSetInfo: anomalous brief (too long, reads like a description (186 chars)): "Functions provided by the derived class to compute folding properties. This is effectively a vtable ..."

An issue occurred during execution.
If you believe this is a bug, please report it at https://github.com/cppalliance/mrdocs/issues
with the following details:
    MrDocs Version: 0.8.0 (Build: bc8722535fba9a2811a8f9d0cadfe04e4248478b)
    Reported From: `src/mrdocs/Extensions/LuaBinding.cpp` at line 138

    1) ContextualFoldingSet: anomalous brief (too long, reads like a description (184 chars)): "This template class is a further refinement of FoldingSet which provides a context argument when cal..."

An issue occurred during execution.
If you believe this is a bug, please report it at https://github.com/cppalliance/mrdocs/issues
with the following details:
    MrDocs Version: 0.8.0 (Build: bc8722535fba9a2811a8f9d0cadfe04e4248478b)
    Reported From: `src/mrdocs/Extensions/LuaBinding.cpp` at line 138

llvm/include/llvm/ADT/FoldingSet.h:213:1:
    1) FoldingSetNodeIDRef: anomalous brief (too long, reads like a description (310 chars)): "This class describes a reference to an interned FoldingSetNodeID, which can be a useful to store nod..."

An issue occurred during execution.
If you believe this is a bug, please report it at https://github.com/cppalliance/mrdocs/issues
with the following details:
    MrDocs Version: 0.8.0 (Build: bc8722535fba9a2811a8f9d0cadfe04e4248478b)
    Reported From: `src/mrdocs/Extensions/LuaBinding.cpp` at line 138

llvm/include/llvm/ADT/DenseMap.h:316:3:
    1) insert_as: anomalous brief (too long, reads like a description (227 chars)): "Alternate version of insert() which allows a different, and possibly less expensive, key type. The D..."

An issue occurred during execution.
If you believe this is a bug, please report it at https://github.com/cppalliance/mrdocs/issues
with the following details:
    MrDocs Version: 0.8.0 (Build: bc8722535fba9a2811a8f9d0cadfe04e4248478b)
    Reported From: `src/mrdocs/Extensions/LuaBinding.cpp` at line 138

llvm/include/llvm/ADT/ImmutableSet.h:1403:3:
    1) ImmutableSet: anomalous brief (too long, reads like a description (217 chars)): "Constructs a set from a pointer to a tree root. In general one should use a Factory object to create..."

An issue occurred during execution.
If you believe this is a bug, please report it at https://github.com/cppalliance/mrdocs/issues
with the following details:
    MrDocs Version: 0.8.0 (Build: bc8722535fba9a2811a8f9d0cadfe04e4248478b)
    Reported From: `src/mrdocs/Extensions/LuaBinding.cpp` at line 138

llvm/include/llvm/ADT/DenseMap.h:1256:1:
    1) DenseMapIterator: anomalous brief (too long, reads like a description (170 chars)): "Forward iterator over the buckets of a DenseMap or SmallDenseMap, skipping unoccupied buckets. When ..."

An issue occurred during execution.
If you believe this is a bug, please report it at https://github.com/cppalliance/mrdocs/issues
with the following details:
    MrDocs Version: 0.8.0 (Build: bc8722535fba9a2811a8f9d0cadfe04e4248478b)
    Reported From: `src/mrdocs/Extensions/LuaBinding.cpp` at line 138

llvm/include/llvm/ADT/DenseMap.h:393:3:
    1) remove_if: anomalous brief (too long, reads like a description (199 chars)): "Remove entries that match the given predicate. Pred is invoked with a reference to each live bucket ..."

An issue occurred during execution.
If you believe this is a bug, please report it at https://github.com/cppalliance/mrdocs/issues
with the following details:
    MrDocs Version: 0.8.0 (Build: bc8722535fba9a2811a8f9d0cadfe04e4248478b)
    Reported From: `src/mrdocs/Extensions/LuaBinding.cpp` at line 138

    1) InsertText: anomalous brief (too long, reads like a description (187 chars)): "InsertText - Insert some text at the specified point, where the offset in the buffer is specified re..."

An issue occurred during execution.
If you believe this is a bug, please report it at https://github.com/cppalliance/mrdocs/issues
with the following details:
    MrDocs Version: 0.8.0 (Build: bc8722535fba9a2811a8f9d0cadfe04e4248478b)
    Reported From: `src/mrdocs/Extensions/LuaBinding.cpp` at line 138

llvm/include/llvm/ADT/DenseMap.h:789:3:
    1) getMemorySize: anomalous brief (too long, reads like a description (192 chars)): "Return the approximate size (in bytes) of the actual map. This is just the raw memory used by DenseM..."

An issue occurred during execution.
If you believe this is a bug, please report it at https://github.com/cppalliance/mrdocs/issues
with the following details:
    MrDocs Version: 0.8.0 (Build: bc8722535fba9a2811a8f9d0cadfe04e4248478b)
    Reported From: `src/mrdocs/Extensions/LuaBinding.cpp` at line 138

llvm/include/llvm/ADT/ImmutableSet.h:182:3:
    1) begin: anomalous brief (too long, reads like a description (167 chars)): "Returns an iterator that iterates over the nodes of the tree in an inorder traversal. The returned i..."

An issue occurred during execution.
If you believe this is a bug, please report it at https://github.com/cppalliance/mrdocs/issues
with the following details:
    MrDocs Version: 0.8.0 (Build: bc8722535fba9a2811a8f9d0cadfe04e4248478b)
    Reported From: `src/mrdocs/Extensions/LuaBinding.cpp` at line 138

llvm/include/llvm/ADT/UniqueVector.h:24:1:
    1) UniqueVector: anomalous brief (too long, reads like a description (274 chars)): "UniqueVector - This class produces a sequential ID number (base 1) for each unique entry that is add..."

An issue occurred during execution.
If you believe this is a bug, please report it at https://github.com/cppalliance/mrdocs/issues
with the following details:
    MrDocs Version: 0.8.0 (Build: bc8722535fba9a2811a8f9d0cadfe04e4248478b)
    Reported From: `src/mrdocs/Extensions/LuaBinding.cpp` at line 138

llvm/include/llvm/ADT/ImmutableSet.h:765:3:
    1) joinTrees: anomalous brief (too long, reads like a description (293 chars)): "Combines L and R with the value V (every key in L less than V, every key in R greater) into one bala..."

An issue occurred during execution.
If you believe this is a bug, please report it at https://github.com/cppalliance/mrdocs/issues
with the following details:
    MrDocs Version: 0.8.0 (Build: bc8722535fba9a2811a8f9d0cadfe04e4248478b)
    Reported From: `src/mrdocs/Extensions/LuaBinding.cpp` at line 138

llvm/include/llvm/ADT/ImmutableSet.h:1488:5:
    1) remove: anomalous brief (too long, reads like a description (435 chars)): "Creates a new immutable set that contains all of the values of the original set with the exception o..."

An issue occurred during execution.
If you believe this is a bug, please report it at https://github.com/cppalliance/mrdocs/issues
with the following details:
    MrDocs Version: 0.8.0 (Build: bc8722535fba9a2811a8f9d0cadfe04e4248478b)
    Reported From: `src/mrdocs/Extensions/LuaBinding.cpp` at line 138

llvm/include/llvm/ADT/PointerEmbeddedInt.h:32:1:
    1) PointerEmbeddedInt: anomalous brief (too long, reads like a description (319 chars)): "Utility to embed an integer into a pointer-like type. This is specifically intended to allow embeddi..."

An issue occurred during execution.
If you believe this is a bug, please report it at https://github.com/cppalliance/mrdocs/issues
with the following details:
    MrDocs Version: 0.8.0 (Build: bc8722535fba9a2811a8f9d0cadfe04e4248478b)
    Reported From: `src/mrdocs/Extensions/LuaBinding.cpp` at line 138

llvm/include/llvm/ADT/ImmutableMap.h:198:5:
    1) mergeWith: anomalous brief (too long, reads like a description (663 chars)): "Merges A and B in a single traversal (see ImutAVLFactory::mergeTrees), sharing subtrees the two maps..."

An issue occurred during execution.
If you believe this is a bug, please report it at https://github.com/cppalliance/mrdocs/issues
with the following details:
    MrDocs Version: 0.8.0 (Build: bc8722535fba9a2811a8f9d0cadfe04e4248478b)
    Reported From: `src/mrdocs/Extensions/LuaBinding.cpp` at line 138

llvm/include/llvm/ADT/ArrayRef.h:558:1:
    1) xxh3_64bits: anomalous brief (too long, reads like a description (161 chars)): "Inline ArrayRef overloads of the xxhash entry points declared out-of-line in llvm/Support/xxhash.h. ..."

An issue occurred during execution.
If you believe this is a bug, please report it at https://github.com/cppalliance/mrdocs/issues
with the following details:
    MrDocs Version: 0.8.0 (Build: bc8722535fba9a2811a8f9d0cadfe04e4248478b)
    Reported From: `src/mrdocs/Extensions/LuaBinding.cpp` at line 138

llvm/include/llvm/ADT/IntervalMap.h:1816:3:
    1) setStopUnchecked: anomalous brief (too long, reads like a description (175 chars)): "setStopUnchecked - Move the end of the current interval without checking for coalescing or overlaps...."

An issue occurred during execution.
If you believe this is a bug, please report it at https://github.com/cppalliance/mrdocs/issues
with the following details:
    MrDocs Version: 0.8.0 (Build: bc8722535fba9a2811a8f9d0cadfe04e4248478b)
    Reported From: `src/mrdocs/Extensions/LuaBinding.cpp` at line 138

llvm/include/llvm/ADT/IntervalMap.h:1228:3:
    1) ~IntervalMap: anomalous brief (too short): "@}"

An issue occurred during execution.
If you believe this is a bug, please report it at https://github.com/cppalliance/mrdocs/issues
with the following details:
    MrDocs Version: 0.8.0 (Build: bc8722535fba9a2811a8f9d0cadfe04e4248478b)
    Reported From: `src/mrdocs/Extensions/LuaBinding.cpp` at line 138

llvm/include/llvm/ADT/IntervalMap.h:701:1:
    1) insertFrom: anomalous brief (too long, reads like a description (178 chars)): "insertFrom - Add mapping of [a;b]to y if possible, coalescing as much as possible. This may cause th..."

An issue occurred during execution.
If you believe this is a bug, please report it at https://github.com/cppalliance/mrdocs/issues
with the following details:
    MrDocs Version: 0.8.0 (Build: bc8722535fba9a2811a8f9d0cadfe04e4248478b)
    Reported From: `src/mrdocs/Extensions/LuaBinding.cpp` at line 138

llvm/include/llvm/ADT/SmallVector.h:485:1:
    1) SmallVectorTemplateBase: anomalous brief (too long, reads like a description (236 chars)): "SmallVectorTemplateBase<TriviallyCopyable = true> - This is where we put method implementations that..."

An issue occurred during execution.
If you believe this is a bug, please report it at https://github.com/cppalliance/mrdocs/issues
with the following details:
    MrDocs Version: 0.8.0 (Build: bc8722535fba9a2811a8f9d0cadfe04e4248478b)
    Reported From: `src/mrdocs/Extensions/LuaBinding.cpp` at line 138

    1) iterator_parent_access: anomalous brief (too long, reads like a description (171 chars)): "Mixin class used to add a getNodeParent() function to iterators iff the list uses ilist_parent, call..."

An issue occurred during execution.
If you believe this is a bug, please report it at https://github.com/cppalliance/mrdocs/issues
with the following details:
    MrDocs Version: 0.8.0 (Build: bc8722535fba9a2811a8f9d0cadfe04e4248478b)
    Reported From: `src/mrdocs/Extensions/LuaBinding.cpp` at line 138

llvm/include/llvm/ADT/StringMap.h:79:3:
    1) LookupBucketFor: anomalous brief (too long, reads like a description (309 chars)): "LookupBucketFor - Look up the bucket that the specified string should end up in. If it already exist..."

An issue occurred during execution.
If you believe this is a bug, please report it at https://github.com/cppalliance/mrdocs/issues
with the following details:
    MrDocs Version: 0.8.0 (Build: bc8722535fba9a2811a8f9d0cadfe04e4248478b)
    Reported From: `src/mrdocs/Extensions/LuaBinding.cpp` at line 138

llvm/include/llvm/Support/Recycler.h:87:3:
    1) clear: anomalous brief (too long, reads like a description (177 chars)): "clear - Release all the tracked allocations to the allocator. The recycler must be free of any track..."

An issue occurred during execution.
If you believe this is a bug, please report it at https://github.com/cppalliance/mrdocs/issues
with the following details:
    MrDocs Version: 0.8.0 (Build: bc8722535fba9a2811a8f9d0cadfe04e4248478b)
    Reported From: `src/mrdocs/Extensions/LuaBinding.cpp` at line 138

llvm/include/llvm/ADT/Eytzinger.h:177:3:
    1) create: anomalous brief (too long, reads like a description (229 chars)): "Construct an Eytzinger search tree from a vector of keys by sorting, deduplicating, and reordering e..."

An issue occurred during execution.
If you believe this is a bug, please report it at https://github.com/cppalliance/mrdocs/issues
with the following details:
    MrDocs Version: 0.8.0 (Build: bc8722535fba9a2811a8f9d0cadfe04e4248478b)
    Reported From: `src/mrdocs/Extensions/LuaBinding.cpp` at line 138

llvm/include/llvm/ADT/ImmutableSet.h:55:1:
    1) CanonicalLinks: anomalous brief (too long, reads like a description (375 chars)): "The intrusive doubly-linked chain of same-digest trees in the factory's canonicalization cache. Held..."

An issue occurred during execution.
If you believe this is a bug, please report it at https://github.com/cppalliance/mrdocs/issues
with the following details:
    MrDocs Version: 0.8.0 (Build: bc8722535fba9a2811a8f9d0cadfe04e4248478b)
    Reported From: `src/mrdocs/Extensions/LuaBinding.cpp` at line 138

llvm/include/llvm/ADT/ImmutableSet.h:1178:3:
    1) skipSubTree: anomalous brief (too long, reads like a description (187 chars)): "Move to the in-order successor of the entire subtree rooted at the current node, i.e. skip the curre..."

An issue occurred during execution.
If you believe this is a bug, please report it at https://github.com/cppalliance/mrdocs/issues
with the following details:
    MrDocs Version: 0.8.0 (Build: bc8722535fba9a2811a8f9d0cadfe04e4248478b)
    Reported From: `src/mrdocs/Extensions/LuaBinding.cpp` at line 138

    1) orderedStrictlyGreater: anomalous brief (too long, reads like a description (218 chars)): "Returns all FPClasses which are greater than all values in Mask That is, return all classes for whic..."

An issue occurred during execution.
If you believe this is a bug, please report it at https://github.com/cppalliance/mrdocs/issues
with the following details:
    MrDocs Version: 0.8.0 (Build: bc8722535fba9a2811a8f9d0cadfe04e4248478b)
    Reported From: `src/mrdocs/Extensions/LuaBinding.cpp` at line 138

llvm/include/llvm/Support/Threading.h:187:3:
    1) heavyweight_hardware_concurrency: anomalous brief (too long, reads like a description (392 chars)): "Returns a thread strategy for tasks requiring significant memory or other resources. To be used for ..."

An issue occurred during execution.
If you believe this is a bug, please report it at https://github.com/cppalliance/mrdocs/issues
with the following details:
    MrDocs Version: 0.8.0 (Build: bc8722535fba9a2811a8f9d0cadfe04e4248478b)
    Reported From: `src/mrdocs/Extensions/LuaBinding.cpp` at line 138

llvm/include/llvm/ADT/SmallBitVector.h:35:1:
    1) SmallBitVector: anomalous brief (too long, reads like a description (365 chars)): "This is a 'bitvector' (really, a variable-sized bit array), optimized for the case when the array is..."

An issue occurred during execution.
If you believe this is a bug, please report it at https://github.com/cppalliance/mrdocs/issues
with the following details:
    MrDocs Version: 0.8.0 (Build: bc8722535fba9a2811a8f9d0cadfe04e4248478b)
    Reported From: `src/mrdocs/Extensions/LuaBinding.cpp` at line 138

llvm/include/llvm/Support/Casting.h:252:1:
    1) CastIsPossible: anomalous brief (too long, reads like a description (197 chars)): "This struct provides a way to check if a given cast is possible. It provides a static function calle..."

An issue occurred during execution.
If you believe this is a bug, please report it at https://github.com/cppalliance/mrdocs/issues
with the following details:
    MrDocs Version: 0.8.0 (Build: bc8722535fba9a2811a8f9d0cadfe04e4248478b)
    Reported From: `src/mrdocs/Extensions/LuaBinding.cpp` at line 138

llvm/include/llvm/ADT/STLExtras.h:2636:1:
    1) hasNItemsOrMore: anomalous brief (too long, reads like a description (190 chars)): "Return true if the sequence [Begin, End) has N or more items. Runs in O(N)] time. Not meant for use ..."

An issue occurred during execution.
If you believe this is a bug, please report it at https://github.com/cppalliance/mrdocs/issues
with the following details:
    MrDocs Version: 0.8.0 (Build: bc8722535fba9a2811a8f9d0cadfe04e4248478b)
    Reported From: `src/mrdocs/Extensions/LuaBinding.cpp` at line 138

    1) writeToOutput: anomalous brief (too long, reads like a description (391 chars)): "This helper creates an output stream and then passes it to Write. The stream created is based on the..."

An issue occurred during execution.
If you believe this is a bug, please report it at https://github.com/cppalliance/mrdocs/issues
with the following details:
    MrDocs Version: 0.8.0 (Build: bc8722535fba9a2811a8f9d0cadfe04e4248478b)
    Reported From: `src/mrdocs/Extensions/LuaBinding.cpp` at line 138

    1) convertToInt: anomalous brief (too long, reads like a description (307 chars)): "Return the integral part of this fixed point number, rounded towards zero. The value is stored into ..."

An issue occurred during execution.
If you believe this is a bug, please report it at https://github.com/cppalliance/mrdocs/issues
with the following details:
    MrDocs Version: 0.8.0 (Build: bc8722535fba9a2811a8f9d0cadfe04e4248478b)
    Reported From: `src/mrdocs/Extensions/LuaBinding.cpp` at line 138

    1) readNativeFileSlice: anomalous brief (too long, reads like a description (213 chars)): "Reads Buf.size() bytes from FileHandle at offset Offset into Buf. If 'pread' is available, this will..."

An issue occurred during execution.
If you believe this is a bug, please report it at https://github.com/cppalliance/mrdocs/issues
with the following details:
    MrDocs Version: 0.8.0 (Build: bc8722535fba9a2811a8f9d0cadfe04e4248478b)
    Reported From: `src/mrdocs/Extensions/LuaBinding.cpp` at line 138

    1) TheTable: anomalous brief (too long, reads like a description (200 chars)): "Array of NumBuckets pointers to entries, null pointers are holes. TheTable[NumBuckets]contains a sen..."

An issue occurred during execution.
If you believe this is a bug, please report it at https://github.com/cppalliance/mrdocs/issues
with the following details:
    MrDocs Version: 0.8.0 (Build: bc8722535fba9a2811a8f9d0cadfe04e4248478b)
    Reported From: `src/mrdocs/Extensions/LuaBinding.cpp` at line 138

llvm/include/llvm/ADT/DynamicAPInt.h:735:1:
    1) operator+=: anomalous brief (too long, reads like a description (216 chars)): "--------------------------------------------------------------------------- Convenience operator ove..."

An issue occurred during execution.
If you believe this is a bug, please report it at https://github.com/cppalliance/mrdocs/issues
with the following details:
    MrDocs Version: 0.8.0 (Build: bc8722535fba9a2811a8f9d0cadfe04e4248478b)
    Reported From: `src/mrdocs/Extensions/LuaBinding.cpp` at line 138

llvm/include/llvm/ADT/StringRef.h:953:1:
    1) xxh3_64bits: anomalous brief (too long, reads like a description (162 chars)): "Inline StringRef overloads of the xxhash entry points declared out-of-line in llvm/Support/xxhash.h...."

An issue occurred during execution.
If you believe this is a bug, please report it at https://github.com/cppalliance/mrdocs/issues
with the following details:
    MrDocs Version: 0.8.0 (Build: bc8722535fba9a2811a8f9d0cadfe04e4248478b)
    Reported From: `src/mrdocs/Extensions/LuaBinding.cpp` at line 138

llvm/include/llvm/ADT/DynamicAPInt.h:468:1:
    1) operator==: anomalous brief (too long, reads like a description (173 chars)): "--------------------------------------------------------------------------- Comparison operators. --..."

An issue occurred during execution.
If you believe this is a bug, please report it at https://github.com/cppalliance/mrdocs/issues
with the following details:
    MrDocs Version: 0.8.0 (Build: bc8722535fba9a2811a8f9d0cadfe04e4248478b)
    Reported From: `src/mrdocs/Extensions/LuaBinding.cpp` at line 138

llvm/include/llvm/ADT/DynamicAPInt.h:509:1:
    1) operator+: anomalous brief (too long, reads like a description (173 chars)): "--------------------------------------------------------------------------- Arithmetic operators. --..."

An issue occurred during execution.
If you believe this is a bug, please report it at https://github.com/cppalliance/mrdocs/issues
with the following details:
    MrDocs Version: 0.8.0 (Build: bc8722535fba9a2811a8f9d0cadfe04e4248478b)
    Reported From: `src/mrdocs/Extensions/LuaBinding.cpp` at line 138

    1) Grow: anomalous brief (too long, reads like a description (194 chars)): "Allocate a larger backing store for the buckets and move it over. Passing the current size triggers ..."

An issue occurred during execution.
If you believe this is a bug, please report it at https://github.com/cppalliance/mrdocs/issues
with the following details:
    MrDocs Version: 0.8.0 (Build: bc8722535fba9a2811a8f9d0cadfe04e4248478b)
    Reported From: `src/mrdocs/Extensions/LuaBinding.cpp` at line 138

llvm/include/llvm/ADT/EpochTracker.h:88:1:
    1) DebugEpochBase: anomalous brief (too long, reads like a description (182 chars)): "A base class for data structure classes wishing to make iterators ("handles") pointing into themselv..."

An issue occurred during execution.
If you believe this is a bug, please report it at https://github.com/cppalliance/mrdocs/issues
with the following details:
    MrDocs Version: 0.8.0 (Build: bc8722535fba9a2811a8f9d0cadfe04e4248478b)
    Reported From: `src/mrdocs/Extensions/LuaBinding.cpp` at line 138

llvm/include/llvm/ADT/SmallPtrSet.h:394:3:
    1) insert: anomalous brief (too long, reads like a description (184 chars)): "Insert the given pointer with an iterator hint that is ignored. This is identical to calling insert(..."

An issue occurred during execution.
If you believe this is a bug, please report it at https://github.com/cppalliance/mrdocs/issues
with the following details:
    MrDocs Version: 0.8.0 (Build: bc8722535fba9a2811a8f9d0cadfe04e4248478b)
    Reported From: `src/mrdocs/Extensions/LuaBinding.cpp` at line 138

llvm/include/llvm/ADT/SmallPtrSet.h:167:3:
    1) insert_imp: anomalous brief (too long, reads like a description (213 chars)): "insert_imp - This returns true if the pointer was new to the set, false if it was already in the set..."

An issue occurred during execution.
If you believe this is a bug, please report it at https://github.com/cppalliance/mrdocs/issues
with the following details:
    MrDocs Version: 0.8.0 (Build: bc8722535fba9a2811a8f9d0cadfe04e4248478b)
    Reported From: `src/mrdocs/Extensions/LuaBinding.cpp` at line 138

llvm/include/llvm/ADT/SmallPtrSet.h:58:1:
    1) SmallPtrSetImplBase: anomalous brief (too long, reads like a description (176 chars)): "SmallPtrSetImplBase - This is the common code shared among all the SmallPtrSet<>'s, which is almost ..."

An issue occurred during execution.
If you believe this is a bug, please report it at https://github.com/cppalliance/mrdocs/issues
with the following details:
    MrDocs Version: 0.8.0 (Build: bc8722535fba9a2811a8f9d0cadfe04e4248478b)
    Reported From: `src/mrdocs/Extensions/LuaBinding.cpp` at line 138

llvm/include/llvm/ADT/SmallPtrSet.h:215:3:
    1) find_imp: anomalous brief (too long, reads like a description (165 chars)): "Returns the raw pointer needed to construct an iterator. If element not found, this will be EndPoint..."

An issue occurred during execution.
If you believe this is a bug, please report it at https://github.com/cppalliance/mrdocs/issues
with the following details:
    MrDocs Version: 0.8.0 (Build: bc8722535fba9a2811a8f9d0cadfe04e4248478b)
    Reported From: `src/mrdocs/Extensions/LuaBinding.cpp` at line 138

llvm/include/llvm/ADT/TrieHashIndexGenerator.h:31:1:
    1) TrieHashIndexGenerator: anomalous brief (too long, reads like a description (317 chars)): "The utility class that helps computing the index of the object inside trie from its hash. The genera..."

An issue occurred during execution.
If you believe this is a bug, please report it at https://github.com/cppalliance/mrdocs/issues
with the following details:
    MrDocs Version: 0.8.0 (Build: bc8722535fba9a2811a8f9d0cadfe04e4248478b)
    Reported From: `src/mrdocs/Extensions/LuaBinding.cpp` at line 138

llvm/include/llvm/CAS/NamedValuesSchema.h:64:1:
    1) NamedValuesSchema: anomalous brief (too long, reads like a description (207 chars)): "A schema for representing an array of named nodes in a CAS. The name of the nodes are stored in the ..."

An issue occurred during execution.
If you believe this is a bug, please report it at https://github.com/cppalliance/mrdocs/issues
with the following details:
    MrDocs Version: 0.8.0 (Build: bc8722535fba9a2811a8f9d0cadfe04e4248478b)
    Reported From: `src/mrdocs/Extensions/LuaBinding.cpp` at line 138

llvm/include/llvm/ADT/Sequence.h:414:1:
    1) enum_seq_inclusive: anomalous brief (too long, reads like a description (397 chars)): "Iterate over an enum type from Begin to End inclusive, even when EnumT is not marked as safely itera..."

An issue occurred during execution.
If you believe this is a bug, please report it at https://github.com/cppalliance/mrdocs/issues
with the following details:
    MrDocs Version: 0.8.0 (Build: bc8722535fba9a2811a8f9d0cadfe04e4248478b)
    Reported From: `src/mrdocs/Extensions/LuaBinding.cpp` at line 138

llvm/include/llvm/ADT/STLForwardCompat.h:316:1:
    1) bind_back: anomalous brief (too long, reads like a description (195 chars)): "C++23 bind_back. Appends bound arguments to the callable. All bind arguments and the callable are fo..."

An issue occurred during execution.
If you believe this is a bug, please report it at https://github.com/cppalliance/mrdocs/issues
with the following details:
    MrDocs Version: 0.8.0 (Build: bc8722535fba9a2811a8f9d0cadfe04e4248478b)
    Reported From: `src/mrdocs/Extensions/LuaBinding.cpp` at line 138

llvm/include/llvm/Support/LogicalResult.h:76:1:
    1) FailureOr: anomalous brief (too long, reads like a description (188 chars)): "This class provides support for representing a failure result, or a valid value of type T. This allo..."

An issue occurred during execution.
If you believe this is a bug, please report it at https://github.com/cppalliance/mrdocs/issues
with the following details:
    MrDocs Version: 0.8.0 (Build: bc8722535fba9a2811a8f9d0cadfe04e4248478b)
    Reported From: `src/mrdocs/Extensions/LuaBinding.cpp` at line 138

llvm/include/llvm/Support/FileSystem.h:162:1:
    1) basic_file_status: anomalous brief (too long, reads like a description (225 chars)): "Represents the result of a call to directory_iterator::status(). This is a subset of the information..."

An issue occurred during execution.
If you believe this is a bug, please report it at https://github.com/cppalliance/mrdocs/issues
with the following details:
    MrDocs Version: 0.8.0 (Build: bc8722535fba9a2811a8f9d0cadfe04e4248478b)
    Reported From: `src/mrdocs/Extensions/LuaBinding.cpp` at line 138

    1) parseID: anomalous brief (too long, reads like a description (172 chars)): "Get a CASID from a ID, which should have been generated by CASID::print(). This succeeds as long as ..."

An issue occurred during execution.
If you believe this is a bug, please report it at https://github.com/cppalliance/mrdocs/issues
with the following details:
    MrDocs Version: 0.8.0 (Build: bc8722535fba9a2811a8f9d0cadfe04e4248478b)
    Reported From: `src/mrdocs/Extensions/LuaBinding.cpp` at line 138

    1) result: anomalous brief (too long, reads like a description (191 chars)): "Finishes off the hash, and returns the 16-byte hash data. This is suitable for getting the MD5 at an..."

An issue occurred during execution.
If you believe this is a bug, please report it at https://github.com/cppalliance/mrdocs/issues
with the following details:
    MrDocs Version: 0.8.0 (Build: bc8722535fba9a2811a8f9d0cadfe04e4248478b)
    Reported From: `src/mrdocs/Extensions/LuaBinding.cpp` at line 138

llvm/include/llvm/Support/Format.h:164:1:
    1) format_hex: anomalous brief (too long, reads like a description (264 chars)): "format_hex - Output N as a fixed width hexadecimal. If number will not fit in width, full number is ..."

An issue occurred during execution.
If you believe this is a bug, please report it at https://github.com/cppalliance/mrdocs/issues
with the following details:
    MrDocs Version: 0.8.0 (Build: bc8722535fba9a2811a8f9d0cadfe04e4248478b)
    Reported From: `src/mrdocs/Extensions/LuaBinding.cpp` at line 138

llvm/include/llvm/CAS/OnDiskGraphDB.h:295:1:
    1) ObjectID: anomalous brief (too long, reads like a description (224 chars)): "Reference to a node. The node's data may not be stored in the database. An ObjectID instance can onl..."

An issue occurred during execution.
If you believe this is a bug, please report it at https://github.com/cppalliance/mrdocs/issues
with the following details:
    MrDocs Version: 0.8.0 (Build: bc8722535fba9a2811a8f9d0cadfe04e4248478b)
    Reported From: `src/mrdocs/Extensions/LuaBinding.cpp` at line 138

    1) Allocator: anomalous brief (too long, reads like a description (235 chars)): "Allocator - The recycling allocator used for both branch and leaf nodes. This typedef is very likely..."

An issue occurred during execution.
If you believe this is a bug, please report it at https://github.com/cppalliance/mrdocs/issues
with the following details:
    MrDocs Version: 0.8.0 (Build: bc8722535fba9a2811a8f9d0cadfe04e4248478b)
    Reported From: `src/mrdocs/Extensions/LuaBinding.cpp` at line 138

    1) readNativeFile: anomalous brief (too long, reads like a description (218 chars)): "Reads Buf.size() bytes from FileHandle into Buf. Returns the number of bytes actually read. On Unix,..."

An issue occurred during execution.
If you believe this is a bug, please report it at https://github.com/cppalliance/mrdocs/issues
with the following details:
    MrDocs Version: 0.8.0 (Build: bc8722535fba9a2811a8f9d0cadfe04e4248478b)
    Reported From: `src/mrdocs/Extensions/LuaBinding.cpp` at line 138

llvm/include/llvm/ADT/StringExtras.h:508:1:
    1) join_items: anomalous brief (too long, reads like a description (244 chars)): "Joins the strings in the parameter pack Items, adding Separator between the elements. All arguments ..."

An issue occurred during execution.
If you believe this is a bug, please report it at https://github.com/cppalliance/mrdocs/issues
with the following details:
    MrDocs Version: 0.8.0 (Build: bc8722535fba9a2811a8f9d0cadfe04e4248478b)
    Reported From: `src/mrdocs/Extensions/LuaBinding.cpp` at line 138

llvm/include/llvm/ADT/PriorityQueue.h:58:3:
    1) erase_one: anomalous brief (too long, reads like a description (217 chars)): "erase_one - Erase one element from the queue, regardless of its position. This operation performs a ..."

An issue occurred during execution.
If you believe this is a bug, please report it at https://github.com/cppalliance/mrdocs/issues
with the following details:
    MrDocs Version: 0.8.0 (Build: bc8722535fba9a2811a8f9d0cadfe04e4248478b)
    Reported From: `src/mrdocs/Extensions/LuaBinding.cpp` at line 138

llvm/include/llvm/ADT/SmallPtrSet.h:190:3:
    1) erase_imp: anomalous brief (too long, reads like a description (217 chars)): "erase_imp - If the set contains the specified pointer, remove it and return true, otherwise return f..."

An issue occurred during execution.
If you believe this is a bug, please report it at https://github.com/cppalliance/mrdocs/issues
with the following details:
    MrDocs Version: 0.8.0 (Build: bc8722535fba9a2811a8f9d0cadfe04e4248478b)
    Reported From: `src/mrdocs/Extensions/LuaBinding.cpp` at line 138

    1) get_physical_cores: anomalous brief (too long, reads like a description (187 chars)): "Returns how many physical cores (as opposed to logical cores returned from thread::hardware_concurre..."

An issue occurred during execution.
If you believe this is a bug, please report it at https://github.com/cppalliance/mrdocs/issues
with the following details:
    MrDocs Version: 0.8.0 (Build: bc8722535fba9a2811a8f9d0cadfe04e4248478b)
    Reported From: `src/mrdocs/Extensions/LuaBinding.cpp` at line 138

    1) PointerUnionMembers: anomalous brief (too long, reads like a description (195 chars)): "CRTP base that generates non-template constructors and assignment operators for each type in the uni..."

An issue occurred during execution.
If you believe this is a bug, please report it at https://github.com/cppalliance/mrdocs/issues
with the following details:
    MrDocs Version: 0.8.0 (Build: bc8722535fba9a2811a8f9d0cadfe04e4248478b)
    Reported From: `src/mrdocs/Extensions/LuaBinding.cpp` at line 138

llvm/include/llvm/Support/FileSystem.h:1903:1:
    1) directory_iterator: anomalous brief (too long, reads like a description (183 chars)): "directory_iterator - Iterates through the entries in path. There is no operator++ because we need an..."

An issue occurred during execution.
If you believe this is a bug, please report it at https://github.com/cppalliance/mrdocs/issues
with the following details:
    MrDocs Version: 0.8.0 (Build: bc8722535fba9a2811a8f9d0cadfe04e4248478b)
    Reported From: `src/mrdocs/Extensions/LuaBinding.cpp` at line 138

    1) closeFile: anomalous brief (too long, reads like a description (187 chars)): "Close the file object. This should be used instead of ::close for portability. On error, the caller ..."

An issue occurred during execution.
If you believe this is a bug, please report it at https://github.com/cppalliance/mrdocs/issues
with the following details:
    MrDocs Version: 0.8.0 (Build: bc8722535fba9a2811a8f9d0cadfe04e4248478b)
    Reported From: `src/mrdocs/Extensions/LuaBinding.cpp` at line 138

    1) openIfEnabled: anomalous brief (too long, reads like a description (185 chars)): "Create or append to a log file inside the given CAS directory Path if logging is enabled by the envi..."

An issue occurred during execution.
If you believe this is a bug, please report it at https://github.com/cppalliance/mrdocs/issues
with the following details:
    MrDocs Version: 0.8.0 (Build: bc8722535fba9a2811a8f9d0cadfe04e4248478b)
    Reported From: `src/mrdocs/Extensions/LuaBinding.cpp` at line 138

    1) TimePoint: anomalous brief (too long, reads like a description (469 chars)): "A time point on the system clock. This is provided for two reasons: - to insulate us against subtle ..."

An issue occurred during execution.
If you believe this is a bug, please report it at https://github.com/cppalliance/mrdocs/issues
with the following details:
    MrDocs Version: 0.8.0 (Build: bc8722535fba9a2811a8f9d0cadfe04e4248478b)
    Reported From: `src/mrdocs/Extensions/LuaBinding.cpp` at line 138

llvm/include/llvm/ADT/PointerIntPair.h:77:1:
    1) PointerIntPair: anomalous brief (too long, reads like a description (370 chars)): "PointerIntPair - This class implements a pair of a pointer and small integer. It is designed to repr..."

An issue occurred during execution.
If you believe this is a bug, please report it at https://github.com/cppalliance/mrdocs/issues
with the following details:
    MrDocs Version: 0.8.0 (Build: bc8722535fba9a2811a8f9d0cadfe04e4248478b)
    Reported From: `src/mrdocs/Extensions/LuaBinding.cpp` at line 138

llvm/include/llvm/ADT/RewriteBuffer.h:110:3:
    1) InsertTextAfter: anomalous brief (too long, reads like a description (192 chars)): "InsertTextAfter - Insert some text at the specified point, where the offset in the buffer is specifi..."

An issue occurred during execution.
If you believe this is a bug, please report it at https://github.com/cppalliance/mrdocs/issues
with the following details:
    MrDocs Version: 0.8.0 (Build: bc8722535fba9a2811a8f9d0cadfe04e4248478b)
    Reported From: `src/mrdocs/Extensions/LuaBinding.cpp` at line 138

llvm/include/llvm/Support/Error.h:240:3:
    1) operator bool: anomalous brief (too long, reads like a description (171 chars)): "Bool conversion. Returns true if this Error is in a failure state, and false if it is in an accept s..."

An issue occurred during execution.
If you believe this is a bug, please report it at https://github.com/cppalliance/mrdocs/issues
with the following details:
    MrDocs Version: 0.8.0 (Build: bc8722535fba9a2811a8f9d0cadfe04e4248478b)
    Reported From: `src/mrdocs/Extensions/LuaBinding.cpp` at line 138

llvm/include/llvm/Support/Casting.h:539:1:
    1) CastInfo: anomalous brief (too long, reads like a description (214 chars)): "Provide a CastInfo specialized for std::optional<From>. It's assumed that if the input is std::optio..."

An issue occurred during execution.
If you believe this is a bug, please report it at https://github.com/cppalliance/mrdocs/issues
with the following details:
    MrDocs Version: 0.8.0 (Build: bc8722535fba9a2811a8f9d0cadfe04e4248478b)
    Reported From: `src/mrdocs/Extensions/LuaBinding.cpp` at line 138

llvm/include/llvm/ADT/TrieHashIndexGenerator.h:95:3:
    1) getCollidingBits: anomalous brief (too long, reads like a description (169 chars)): "Utility function for looking up the index in the trie for an object that has colliding hash bits in ..."

An issue occurred during execution.
If you believe this is a bug, please report it at https://github.com/cppalliance/mrdocs/issues
with the following details:
    MrDocs Version: 0.8.0 (Build: bc8722535fba9a2811a8f9d0cadfe04e4248478b)
    Reported From: `src/mrdocs/Extensions/LuaBinding.cpp` at line 138

    1) OF_OpenDirectory: anomalous brief (too long, reads like a description (165 chars)): "Allow opening a directory. Only makes a difference on Windows, where it adds FILE_FLAG_BACKUP_SEMANT..."

An issue occurred during execution.
If you believe this is a bug, please report it at https://github.com/cppalliance/mrdocs/issues
with the following details:
    MrDocs Version: 0.8.0 (Build: bc8722535fba9a2811a8f9d0cadfe04e4248478b)
    Reported From: `src/mrdocs/Extensions/LuaBinding.cpp` at line 138

llvm/include/llvm/Support/FileSystem.h:560:1:
    1) resize_file_before_mapping_readwrite: anomalous brief (too long, reads like a description (219 chars)): "Resize FD to Size before mapping mapped_file_region::readwrite. On non-Windows, this calls resize_fi..."

An issue occurred during execution.
If you believe this is a bug, please report it at https://github.com/cppalliance/mrdocs/issues
with the following details:
    MrDocs Version: 0.8.0 (Build: bc8722535fba9a2811a8f9d0cadfe04e4248478b)
    Reported From: `src/mrdocs/Extensions/LuaBinding.cpp` at line 138

llvm/include/llvm/Support/Casting.h:301:1:
    1) NullableValueCastFailed: anomalous brief (too long, reads like a description (216 chars)): "This cast trait just provides castFailed for the specified To type to make CastInfo specializations ..."

An issue occurred during execution.
If you believe this is a bug, please report it at https://github.com/cppalliance/mrdocs/issues
with the following details:
    MrDocs Version: 0.8.0 (Build: bc8722535fba9a2811a8f9d0cadfe04e4248478b)
    Reported From: `src/mrdocs/Extensions/LuaBinding.cpp` at line 138

    1) printPercentEncoded: anomalous brief (too long, reads like a description (268 chars)): "Print each character of String percent-encoded for use as a URL query-component value (RFC 3986): un..."

An issue occurred during execution.
If you believe this is a bug, please report it at https://github.com/cppalliance/mrdocs/issues
with the following details:
    MrDocs Version: 0.8.0 (Build: bc8722535fba9a2811a8f9d0cadfe04e4248478b)
    Reported From: `src/mrdocs/Extensions/LuaBinding.cpp` at line 138

    1) FD: anomalous brief (too short): "FD."

An issue occurred during execution.
If you believe this is a bug, please report it at https://github.com/cppalliance/mrdocs/issues
with the following details:
    MrDocs Version: 0.8.0 (Build: bc8722535fba9a2811a8f9d0cadfe04e4248478b)
    Reported From: `src/mrdocs/Extensions/LuaBinding.cpp` at line 138

llvm/include/llvm/ADT/ConcurrentHashtable.h:111:1:
    1) ConcurrentHashTableByPtr: anomalous brief (too long, reads like a description (166 chars)): "A resizeable concurrent hashtable keyed by pointer identity of the created KeyDataTy entries. See th..."

An issue occurred during execution.
If you believe this is a bug, please report it at https://github.com/cppalliance/mrdocs/issues
with the following details:
    MrDocs Version: 0.8.0 (Build: bc8722535fba9a2811a8f9d0cadfe04e4248478b)
    Reported From: `src/mrdocs/Extensions/LuaBinding.cpp` at line 138

llvm/include/llvm/Support/MathExtras.h:48:1:
    1) ef: anomalous brief (too short): "ef."

An issue occurred during execution.
If you believe this is a bug, please report it at https://github.com/cppalliance/mrdocs/issues
with the following details:
    MrDocs Version: 0.8.0 (Build: bc8722535fba9a2811a8f9d0cadfe04e4248478b)
    Reported From: `src/mrdocs/Extensions/LuaBinding.cpp` at line 138

llvm/include/llvm/Support/Allocator.h:491:3:
    1) DestroyAll: anomalous brief (too long, reads like a description (175 chars)): "Call the destructor of each allocated object and deallocate all but the current slab and reset the c..."

An issue occurred during execution.
If you believe this is a bug, please report it at https://github.com/cppalliance/mrdocs/issues
with the following details:
    MrDocs Version: 0.8.0 (Build: bc8722535fba9a2811a8f9d0cadfe04e4248478b)
    Reported From: `src/mrdocs/Extensions/LuaBinding.cpp` at line 138

    1) getHashSchemaIdentifier: anomalous brief (too long, reads like a description (208 chars)): "Get an identifer for the schema used by this CAS context. Two CAS instances should return true for t..."

An issue occurred during execution.
If you believe this is a bug, please report it at https://github.com/cppalliance/mrdocs/issues
with the following details:
    MrDocs Version: 0.8.0 (Build: bc8722535fba9a2811a8f9d0cadfe04e4248478b)
    Reported From: `src/mrdocs/Extensions/LuaBinding.cpp` at line 138

    1) HasBranchDivergence: anomalous brief (too long, reads like a description (188 chars)): "Whether the target has branch divergence. Set at the start of compute(), which is only called when t..."

An issue occurred during execution.
If you believe this is a bug, please report it at https://github.com/cppalliance/mrdocs/issues
with the following details:
    MrDocs Version: 0.8.0 (Build: bc8722535fba9a2811a8f9d0cadfe04e4248478b)
    Reported From: `src/mrdocs/Extensions/LuaBinding.cpp` at line 138

    1) getToken: anomalous brief (too long, reads like a description (374 chars)): "getToken - This function extracts one token from source, ignoring any leading characters that appear..."

An issue occurred during execution.
If you believe this is a bug, please report it at https://github.com/cppalliance/mrdocs/issues
with the following details:
    MrDocs Version: 0.8.0 (Build: bc8722535fba9a2811a8f9d0cadfe04e4248478b)
    Reported From: `src/mrdocs/Extensions/LuaBinding.cpp` at line 138

llvm/include/llvm/Support/MathExtras.h:307:1:
    1) isShiftedMask_64: anomalous brief (too long, reads like a description (253 chars)): "Return true if the argument contains a non-empty sequence of ones with the remainder zero (64 bit ve..."

An issue occurred during execution.
If you believe this is a bug, please report it at https://github.com/cppalliance/mrdocs/issues
with the following details:
    MrDocs Version: 0.8.0 (Build: bc8722535fba9a2811a8f9d0cadfe04e4248478b)
    Reported From: `src/mrdocs/Extensions/LuaBinding.cpp` at line 138

llvm/include/llvm/ADT/TrieHashIndexGenerator.h:82:3:
    1) hint: anomalous brief (too long, reads like a description (287 chars)): "Provide a hint to speed up the index generation by providing the information of the hash in current ..."

An issue occurred during execution.
If you believe this is a bug, please report it at https://github.com/cppalliance/mrdocs/issues
with the following details:
    MrDocs Version: 0.8.0 (Build: bc8722535fba9a2811a8f9d0cadfe04e4248478b)
    Reported From: `src/mrdocs/Extensions/LuaBinding.cpp` at line 138

llvm/include/llvm/Support/Casting.h:865:1:
    1) IsaPred: anomalous brief (too long, reads like a description (246 chars)): "Function object wrapper for the llvm::isa type check. The function call operator returns true when t..."

An issue occurred during execution.
If you believe this is a bug, please report it at https://github.com/cppalliance/mrdocs/issues
with the following details:
    MrDocs Version: 0.8.0 (Build: bc8722535fba9a2811a8f9d0cadfe04e4248478b)
    Reported From: `src/mrdocs/Extensions/LuaBinding.cpp` at line 138

llvm/include/llvm/ADT/IntervalMap.h:1271:3:
    1) insert: anomalous brief (too long, reads like a description (205 chars)): "insert - Add a mapping of [a;b]to y, coalesce with adjacent intervals. It is assumed that no key in ..."

An issue occurred during execution.
If you believe this is a bug, please report it at https://github.com/cppalliance/mrdocs/issues
with the following details:
    MrDocs Version: 0.8.0 (Build: bc8722535fba9a2811a8f9d0cadfe04e4248478b)
    Reported From: `src/mrdocs/Extensions/LuaBinding.cpp` at line 138

llvm/include/llvm/Support/PointerLikeTypeTraits.h:68:3:
    1) NumLowBitsAvailable: anomalous brief (too long, reads like a description (282 chars)): "Note, we assume here that void* is related to raw malloc'ed memory and that malloc returns objects a..."

An issue occurred during execution.
If you believe this is a bug, please report it at https://github.com/cppalliance/mrdocs/issues
with the following details:
    MrDocs Version: 0.8.0 (Build: bc8722535fba9a2811a8f9d0cadfe04e4248478b)
    Reported From: `src/mrdocs/Extensions/LuaBinding.cpp` at line 138

llvm/include/llvm/ADT/STLExtras.h:852:1:
    1) zip_first: anomalous brief (too long, reads like a description (271 chars)): "zip iterator that, for the sake of efficiency, assumes the first iteratee to be the shortest. Iterat..."

An issue occurred during execution.
If you believe this is a bug, please report it at https://github.com/cppalliance/mrdocs/issues
with the following details:
    MrDocs Version: 0.8.0 (Build: bc8722535fba9a2811a8f9d0cadfe04e4248478b)
    Reported From: `src/mrdocs/Extensions/LuaBinding.cpp` at line 138

    1) FreshLabels: anomalous brief (too long, reads like a description (234 chars)): "Track blocks that receive a new label. Every time we relabel a cycle header, we make another pass ov..."

An issue occurred during execution.
If you believe this is a bug, please report it at https://github.com/cppalliance/mrdocs/issues
with the following details:
    MrDocs Version: 0.8.0 (Build: bc8722535fba9a2811a8f9d0cadfe04e4248478b)
    Reported From: `src/mrdocs/Extensions/LuaBinding.cpp` at line 138

llvm/include/llvm/Support/Casting.h:876:1:
    1) IsaAndPresentPred: anomalous brief (too long, reads like a description (316 chars)): "Function object wrapper for the llvm::isa_and_present type check. The function call operator returns..."

An issue occurred during execution.
If you believe this is a bug, please report it at https://github.com/cppalliance/mrdocs/issues
with the following details:
    MrDocs Version: 0.8.0 (Build: bc8722535fba9a2811a8f9d0cadfe04e4248478b)
    Reported From: `src/mrdocs/Extensions/LuaBinding.cpp` at line 138

llvm/include/llvm/ADT/STLExtras.h:1694:1:
    1) range_size: anomalous brief (too long, reads like a description (375 chars)): "Returns the size of the Range, i.e., the number of elements. This implementation takes inspiration f..."

An issue occurred during execution.
If you believe this is a bug, please report it at https://github.com/cppalliance/mrdocs/issues
with the following details:
    MrDocs Version: 0.8.0 (Build: bc8722535fba9a2811a8f9d0cadfe04e4248478b)
    Reported From: `src/mrdocs/Extensions/LuaBinding.cpp` at line 138

llvm/include/llvm/Support/Casting.h:34:1:
    1) simplify_type: anomalous brief (too long, reads like a description (219 chars)): "Define a template that can be specialized by smart pointers to reflect the fact that they are automa..."

An issue occurred during execution.
If you believe this is a bug, please report it at https://github.com/cppalliance/mrdocs/issues
with the following details:
    MrDocs Version: 0.8.0 (Build: bc8722535fba9a2811a8f9d0cadfe04e4248478b)
    Reported From: `src/mrdocs/Extensions/LuaBinding.cpp` at line 138

llvm/include/llvm/Support/Casting.h:328:1:
    1) ValueFromPointerCast: anomalous brief (too long, reads like a description (203 chars)): "This cast trait provides casting for the specific case of casting to a value-typed object from a poi..."

An issue occurred during execution.
If you believe this is a bug, please report it at https://github.com/cppalliance/mrdocs/issues
with the following details:
    MrDocs Version: 0.8.0 (Build: bc8722535fba9a2811a8f9d0cadfe04e4248478b)
    Reported From: `src/mrdocs/Extensions/LuaBinding.cpp` at line 138

    1) setCurrentDebugTypes: anomalous brief (too long, reads like a description (183 chars)): "setCurrentDebugTypes - Set the current debug type, as if the -debug-only=X,Y,Z option were specified..."

An issue occurred during execution.
If you believe this is a bug, please report it at https://github.com/cppalliance/mrdocs/issues
with the following details:
    MrDocs Version: 0.8.0 (Build: bc8722535fba9a2811a8f9d0cadfe04e4248478b)
    Reported From: `src/mrdocs/Extensions/LuaBinding.cpp` at line 138

llvm/include/llvm/Support/Casting.h:503:1:
    1) CastInfo: anomalous brief (too long, reads like a description (201 chars)): "This struct provides an overload for CastInfo where From has simplify_type defined. This simply forw..."

An issue occurred during execution.
If you believe this is a bug, please report it at https://github.com/cppalliance/mrdocs/issues
with the following details:
    MrDocs Version: 0.8.0 (Build: bc8722535fba9a2811a8f9d0cadfe04e4248478b)
    Reported From: `src/mrdocs/Extensions/LuaBinding.cpp` at line 138

llvm/include/llvm/Support/Casting.h:596:1:
    1) ValueIsPresent: anomalous brief (too long, reads like a description (285 chars)): "ValueIsPresent provides a way to check if a value is, well, present. For pointers, this is the equiv..."

An issue occurred during execution.
If you believe this is a bug, please report it at https://github.com/cppalliance/mrdocs/issues
with the following details:
    MrDocs Version: 0.8.0 (Build: bc8722535fba9a2811a8f9d0cadfe04e4248478b)
    Reported From: `src/mrdocs/Extensions/LuaBinding.cpp` at line 138

    1) OF_TextWithCRLF: anomalous brief (too long, reads like a description (169 chars)): "The file should be opened in text mode and use a carriage linefeed 'r
'. This flag has the same func..."

An issue occurred during execution.
If you believe this is a bug, please report it at https://github.com/cppalliance/mrdocs/issues
with the following details:
    MrDocs Version: 0.8.0 (Build: bc8722535fba9a2811a8f9d0cadfe04e4248478b)
    Reported From: `src/mrdocs/Extensions/LuaBinding.cpp` at line 138

    1) getFromIntValue: anomalous brief (too long, reads like a description (265 chars)): "Create an APFixedPoint with a value equal to that of the provided integer, and in the same semantics..."

An issue occurred during execution.
If you believe this is a bug, please report it at https://github.com/cppalliance/mrdocs/issues
with the following details:
    MrDocs Version: 0.8.0 (Build: bc8722535fba9a2811a8f9d0cadfe04e4248478b)
    Reported From: `src/mrdocs/Extensions/LuaBinding.cpp` at line 138

llvm/include/llvm/Support/raw_ostream.h:161:3:
    1) reserveExtraSpace: anomalous brief (too long, reads like a description (280 chars)): "If possible, pre-allocate ExtraSize bytes for stream data. i.e. it extends internal buffers to keep ..."

An issue occurred during execution.
If you believe this is a bug, please report it at https://github.com/cppalliance/mrdocs/issues
with the following details:
    MrDocs Version: 0.8.0 (Build: bc8722535fba9a2811a8f9d0cadfe04e4248478b)
    Reported From: `src/mrdocs/Extensions/LuaBinding.cpp` at line 138

llvm/include/llvm/ADT/StringMap.h:173:1:
    1) StringMap: anomalous brief (too long, reads like a description (278 chars)): "StringMap - This is an unconventional map that is specialized for handling keys that are "strings", ..."

An issue occurred during execution.
If you believe this is a bug, please report it at https://github.com/cppalliance/mrdocs/issues
with the following details:
    MrDocs Version: 0.8.0 (Build: bc8722535fba9a2811a8f9d0cadfe04e4248478b)
    Reported From: `src/mrdocs/Extensions/LuaBinding.cpp` at line 138

llvm/include/llvm/ADT/ImmutableList.h:224:3:
    1) isEqual: anomalous brief (too long, reads like a description (287 chars)): "Returns true if two lists are equal. Because all lists created from the same ImmutableListFactory ar..."

An issue occurred during execution.
If you believe this is a bug, please report it at https://github.com/cppalliance/mrdocs/issues
with the following details:
    MrDocs Version: 0.8.0 (Build: bc8722535fba9a2811a8f9d0cadfe04e4248478b)
    Reported From: `src/mrdocs/Extensions/LuaBinding.cpp` at line 138

llvm/include/llvm/ADT/APInt.h:1375:3:
    1) setBitsWithWrap: anomalous brief (too long, reads like a description (205 chars)): "Set the bits from loBit (inclusive) to hiBit (exclusive) to 1. This function handles "wrap" case whe..."

An issue occurred during execution.
If you believe this is a bug, please report it at https://github.com/cppalliance/mrdocs/issues
with the following details:
    MrDocs Version: 0.8.0 (Build: bc8722535fba9a2811a8f9d0cadfe04e4248478b)
    Reported From: `src/mrdocs/Extensions/LuaBinding.cpp` at line 138

llvm/include/llvm/CAS/OnDiskTrieRawHashMap.h:54:1:
    1) OnDiskTrieRawHashMap: anomalous brief (too long, reads like a description (167 chars)): "OnDiskTrieRawHashMap is a persistent trie data structure used as hash maps. The keys are fixed lengt..."

An issue occurred during execution.
If you believe this is a bug, please report it at https://github.com/cppalliance/mrdocs/issues
with the following details:
    MrDocs Version: 0.8.0 (Build: bc8722535fba9a2811a8f9d0cadfe04e4248478b)
    Reported From: `src/mrdocs/Extensions/LuaBinding.cpp` at line 138

llvm/include/llvm/Support/Alignment.h:246:1:
    1) alignTo: anomalous brief (too long, reads like a description (222 chars)): "If non-zero Skew is specified, the return value will be a minimal integer that is greater than or eq..."

An issue occurred during execution.
If you believe this is a bug, please report it at https://github.com/cppalliance/mrdocs/issues
with the following details:
    MrDocs Version: 0.8.0 (Build: bc8722535fba9a2811a8f9d0cadfe04e4248478b)
    Reported From: `src/mrdocs/Extensions/LuaBinding.cpp` at line 138

llvm/include/llvm/Support/raw_ostream.h:576:3:
    1) clear_error: anomalous brief (too long, reads like a description (242 chars)): "Set the flag read by has_error() to false. If the error flag is set at the time when this raw_ostrea..."

An issue occurred during execution.
If you believe this is a bug, please report it at https://github.com/cppalliance/mrdocs/issues
with the following details:
    MrDocs Version: 0.8.0 (Build: bc8722535fba9a2811a8f9d0cadfe04e4248478b)
    Reported From: `src/mrdocs/Extensions/LuaBinding.cpp` at line 138

llvm/include/llvm/Support/Casting.h:387:1:
    1) ConstStrippingForwardingCast: anomalous brief (too long, reads like a description (238 chars)): "Provides a cast trait that strips const from types to make it easier to implement a const-version of..."

An issue occurred during execution.
If you believe this is a bug, please report it at https://github.com/cppalliance/mrdocs/issues
with the following details:
    MrDocs Version: 0.8.0 (Build: bc8722535fba9a2811a8f9d0cadfe04e4248478b)
    Reported From: `src/mrdocs/Extensions/LuaBinding.cpp` at line 138

    1) ID: anomalous brief (too short): "ID."

An issue occurred during execution.
If you believe this is a bug, please report it at https://github.com/cppalliance/mrdocs/issues
with the following details:
    MrDocs Version: 0.8.0 (Build: bc8722535fba9a2811a8f9d0cadfe04e4248478b)
    Reported From: `src/mrdocs/Extensions/LuaBinding.cpp` at line 138

    1) tcDivide: anomalous brief (too long, reads like a description (181 chars)): "If RHS is zero LHS and REMAINDER are left unchanged, return one. Otherwise set LHS to LHS / RHS with..."

An issue occurred during execution.
If you believe this is a bug, please report it at https://github.com/cppalliance/mrdocs/issues
with the following details:
    MrDocs Version: 0.8.0 (Build: bc8722535fba9a2811a8f9d0cadfe04e4248478b)
    Reported From: `src/mrdocs/Extensions/LuaBinding.cpp` at line 138

llvm/include/llvm/Support/MathExtras.h:770:1:
    1) MulOverflow: anomalous brief (too long, reads like a description (192 chars)): "Multiply two signed integers, computing the two's complement truncated result, returning a pair {res..."

An issue occurred during execution.
If you believe this is a bug, please report it at https://github.com/cppalliance/mrdocs/issues
with the following details:
    MrDocs Version: 0.8.0 (Build: bc8722535fba9a2811a8f9d0cadfe04e4248478b)
    Reported From: `src/mrdocs/Extensions/LuaBinding.cpp` at line 138

llvm/include/llvm/Support/Casting.h:475:1:
    1) CastInfo: anomalous brief (too long, reads like a description (224 chars)): "This struct provides a method for customizing the way a cast is performed. It inherits from CastIsPo..."

An issue occurred during execution.
If you believe this is a bug, please report it at https://github.com/cppalliance/mrdocs/issues
with the following details:
    MrDocs Version: 0.8.0 (Build: bc8722535fba9a2811a8f9d0cadfe04e4248478b)
    Reported From: `src/mrdocs/Extensions/LuaBinding.cpp` at line 138

llvm/include/llvm/Support/MathExtras.h:339:1:
    1) Log2_32_Ceil: anomalous brief (too long, reads like a description (163 chars)): "Return the ceil log base 2 of the specified value, 32 if the value is zero. (32 bit edition). Ex. Lo..."

An issue occurred during execution.
If you believe this is a bug, please report it at https://github.com/cppalliance/mrdocs/issues
with the following details:
    MrDocs Version: 0.8.0 (Build: bc8722535fba9a2811a8f9d0cadfe04e4248478b)
    Reported From: `src/mrdocs/Extensions/LuaBinding.cpp` at line 138

llvm/include/llvm/Support/Threading.h:202:3:
    1) heavyweight_hardware_concurrency: anomalous brief (too long, reads like a description (218 chars)): "Like heavyweight_hardware_concurrency() above, but builds a strategy based on the rules described fo..."

An issue occurred during execution.
If you believe this is a bug, please report it at https://github.com/cppalliance/mrdocs/issues
with the following details:
    MrDocs Version: 0.8.0 (Build: bc8722535fba9a2811a8f9d0cadfe04e4248478b)
    Reported From: `src/mrdocs/Extensions/LuaBinding.cpp` at line 138

    1) getSufficientBitsNeeded: anomalous brief (too long, reads like a description (172 chars)): "Get the bits that are sufficient to represent the string value. This may over estimate the amount of..."

An issue occurred during execution.
If you believe this is a bug, please report it at https://github.com/cppalliance/mrdocs/issues
with the following details:
    MrDocs Version: 0.8.0 (Build: bc8722535fba9a2811a8f9d0cadfe04e4248478b)
    Reported From: `src/mrdocs/Extensions/LuaBinding.cpp` at line 138

llvm/include/llvm/Support/Threading.h:231:3:
    1) hardware_concurrency: anomalous brief (too long, reads like a description (206 chars)): "Like hardware_concurrency() above, but builds a strategy based on the rules described for get_thread..."

An issue occurred during execution.
If you believe this is a bug, please report it at https://github.com/cppalliance/mrdocs/issues
with the following details:
    MrDocs Version: 0.8.0 (Build: bc8722535fba9a2811a8f9d0cadfe04e4248478b)
    Reported From: `src/mrdocs/Extensions/LuaBinding.cpp` at line 138

llvm/include/llvm/Support/Casting.h:342:1:
    1) UniquePtrCast: anomalous brief (too long, reads like a description (224 chars)): "This cast trait provides std::unique_ptr casting. It has the semantics of moving the contents of the..."

An issue occurred during execution.
If you believe this is a bug, please report it at https://github.com/cppalliance/mrdocs/issues
with the following details:
    MrDocs Version: 0.8.0 (Build: bc8722535fba9a2811a8f9d0cadfe04e4248478b)
    Reported From: `src/mrdocs/Extensions/LuaBinding.cpp` at line 138

llvm/include/llvm/Support/MathExtras.h:256:1:
    1) isMask_32: anomalous brief (too long, reads like a description (175 chars)): "Return true if the argument is a non-empty sequence of ones starting at the least significant bit wi..."

An issue occurred during execution.
If you believe this is a bug, please report it at https://github.com/cppalliance/mrdocs/issues
with the following details:
    MrDocs Version: 0.8.0 (Build: bc8722535fba9a2811a8f9d0cadfe04e4248478b)
    Reported From: `src/mrdocs/Extensions/LuaBinding.cpp` at line 138

llvm/include/llvm/Support/MathExtras.h:602:1:
    1) SaturatingAdd: anomalous brief (too long, reads like a description (215 chars)): "Add two unsigned integers, X and Y, of type T. Clamp the result to the maximum representable value o..."

An issue occurred during execution.
If you believe this is a bug, please report it at https://github.com/cppalliance/mrdocs/issues
with the following details:
    MrDocs Version: 0.8.0 (Build: bc8722535fba9a2811a8f9d0cadfe04e4248478b)
    Reported From: `src/mrdocs/Extensions/LuaBinding.cpp` at line 138

llvm/include/llvm/ADT/IntervalMap.h:1810:3:
    1) setStartUnchecked: anomalous brief (too long, reads like a description (178 chars)): "setStartUnchecked - Move the start of the current interval without checking for coalescing or overla..."

An issue occurred during execution.
If you believe this is a bug, please report it at https://github.com/cppalliance/mrdocs/issues
with the following details:
    MrDocs Version: 0.8.0 (Build: bc8722535fba9a2811a8f9d0cadfe04e4248478b)
    Reported From: `src/mrdocs/Extensions/LuaBinding.cpp` at line 138

llvm/include/llvm/Support/MathExtras.h:326:1:
    1) Log2_32: anomalous brief (too long, reads like a description (167 chars)): "Return the floor log base 2 of the specified value, -1 if the value is zero. (32 bit edition.) Ex. L..."

An issue occurred during execution.
If you believe this is a bug, please report it at https://github.com/cppalliance/mrdocs/issues
with the following details:
    MrDocs Version: 0.8.0 (Build: bc8722535fba9a2811a8f9d0cadfe04e4248478b)
    Reported From: `src/mrdocs/Extensions/LuaBinding.cpp` at line 138

llvm/include/llvm/ADT/Sequence.h:399:1:
    1) enum_seq_inclusive: anomalous brief (too long, reads like a description (322 chars)): "Iterate over an enum type from Begin to End inclusive. Note: enum_seq_inclusive will generate each c..."

An issue occurred during execution.
If you believe this is a bug, please report it at https://github.com/cppalliance/mrdocs/issues
with the following details:
    MrDocs Version: 0.8.0 (Build: bc8722535fba9a2811a8f9d0cadfe04e4248478b)
    Reported From: `src/mrdocs/Extensions/LuaBinding.cpp` at line 138

llvm/include/llvm/ADT/DenseMap.h:235:3:
    1) find_as: anomalous brief (too long, reads like a description (225 chars)): "Alternate version of find() which allows a different, and possibly less expensive, key type. The Den..."

An issue occurred during execution.
If you believe this is a bug, please report it at https://github.com/cppalliance/mrdocs/issues
with the following details:
    MrDocs Version: 0.8.0 (Build: bc8722535fba9a2811a8f9d0cadfe04e4248478b)
    Reported From: `src/mrdocs/Extensions/LuaBinding.cpp` at line 138

llvm/include/llvm/Support/raw_ostream.h:557:3:
    1) tie: anomalous brief (too long, reads like a description (309 chars)): "Tie this stream to the specified stream. Replaces any existing tied-to stream. Specifying a nullptr ..."

An issue occurred during execution.
If you believe this is a bug, please report it at https://github.com/cppalliance/mrdocs/issues
with the following details:
    MrDocs Version: 0.8.0 (Build: bc8722535fba9a2811a8f9d0cadfe04e4248478b)
    Reported From: `src/mrdocs/Extensions/LuaBinding.cpp` at line 138

llvm/include/llvm/Support/MathExtras.h:677:1:
    1) SaturatingMultiplyAdd: anomalous brief (too long, reads like a description (257 chars)): "Multiply two unsigned integers, X and Y, and add the unsigned integer, A to the product. Clamp the r..."

An issue occurred during execution.
If you believe this is a bug, please report it at https://github.com/cppalliance/mrdocs/issues
with the following details:
    MrDocs Version: 0.8.0 (Build: bc8722535fba9a2811a8f9d0cadfe04e4248478b)
    Reported From: `src/mrdocs/Extensions/LuaBinding.cpp` at line 138

llvm/include/llvm/ADT/Enum.h:47:1:
    1) EnumStringDef: anomalous brief (too long, reads like a description (290 chars)): "Compile-time data representation of enum entries. Only use for constexpr variables passed to BUILD_E..."

An issue occurred during execution.
If you believe this is a bug, please report it at https://github.com/cppalliance/mrdocs/issues
with the following details:
    MrDocs Version: 0.8.0 (Build: bc8722535fba9a2811a8f9d0cadfe04e4248478b)
    Reported From: `src/mrdocs/Extensions/LuaBinding.cpp` at line 138

llvm/include/llvm/ADT/APInt.h:267:3:
    1) getBitsSetWithWrap: anomalous brief (too long, reads like a description (282 chars)): "Wrap version of getBitsSet. If hiBit is bigger than loBit, this is same with getBitsSet. If hiBit is..."

An issue occurred during execution.
If you believe this is a bug, please report it at https://github.com/cppalliance/mrdocs/issues
with the following details:
    MrDocs Version: 0.8.0 (Build: bc8722535fba9a2811a8f9d0cadfe04e4248478b)
    Reported From: `src/mrdocs/Extensions/LuaBinding.cpp` at line 138

llvm/include/llvm/ADT/DeltaTree.h:27:1:
    1) DeltaTree: anomalous brief (too long, reads like a description (457 chars)): "A multiway search tree (BTree) structure with some fancy features. B-Trees are generally more memory..."

An issue occurred during execution.
If you believe this is a bug, please report it at https://github.com/cppalliance/mrdocs/issues
with the following details:
    MrDocs Version: 0.8.0 (Build: bc8722535fba9a2811a8f9d0cadfe04e4248478b)
    Reported From: `src/mrdocs/Extensions/LuaBinding.cpp` at line 138

llvm/include/llvm/ADT/SmallSet.h:155:1:
    1) SmallSet: anomalous brief (too long, reads like a description (258 chars)): "SmallSet - This maintains a set of unique values, optimizing for the case when the set is small (les..."

An issue occurred during execution.
If you believe this is a bug, please report it at https://github.com/cppalliance/mrdocs/issues
with the following details:
    MrDocs Version: 0.8.0 (Build: bc8722535fba9a2811a8f9d0cadfe04e4248478b)
    Reported From: `src/mrdocs/Extensions/LuaBinding.cpp` at line 138

llvm/include/llvm/ADT/SmallPtrSet.h:386:3:
    1) insert: anomalous brief (too long, reads like a description (242 chars)): "Inserts Ptr if and only if there is no element in the container equal to Ptr. The bool component of ..."

An issue occurred during execution.
If you believe this is a bug, please report it at https://github.com/cppalliance/mrdocs/issues
with the following details:
    MrDocs Version: 0.8.0 (Build: bc8722535fba9a2811a8f9d0cadfe04e4248478b)
    Reported From: `src/mrdocs/Extensions/LuaBinding.cpp` at line 138

llvm/include/llvm/ADT/ImmutableSet.h:1524:3:
    1) operator==: anomalous brief (too long, reads like a description (263 chars)): "Compares two sets for equality. For a canonicalizing factory, sets with equal contents share the sam..."

An issue occurred during execution.
If you believe this is a bug, please report it at https://github.com/cppalliance/mrdocs/issues
with the following details:
    MrDocs Version: 0.8.0 (Build: bc8722535fba9a2811a8f9d0cadfe04e4248478b)
    Reported From: `src/mrdocs/Extensions/LuaBinding.cpp` at line 138

    1) distribute: anomalous brief (too long, reads like a description (231 chars)): "IntervalMapImpl::distribute - Compute a new distribution of node elements after an overflow or under..."

An issue occurred during execution.
If you believe this is a bug, please report it at https://github.com/cppalliance/mrdocs/issues
with the following details:
    MrDocs Version: 0.8.0 (Build: bc8722535fba9a2811a8f9d0cadfe04e4248478b)
    Reported From: `src/mrdocs/Extensions/LuaBinding.cpp` at line 138

llvm/include/llvm/CAS/OnDiskDataAllocator.h:30:1:
    1) OnDiskDataAllocator: anomalous brief (too long, reads like a description (200 chars)): "Sink for data. Stores variable length data with 8-byte alignment. Does not track size of data, which..."

An issue occurred during execution.
If you believe this is a bug, please report it at https://github.com/cppalliance/mrdocs/issues
with the following details:
    MrDocs Version: 0.8.0 (Build: bc8722535fba9a2811a8f9d0cadfe04e4248478b)
    Reported From: `src/mrdocs/Extensions/LuaBinding.cpp` at line 138

llvm/include/llvm/Support/MathExtras.h:294:1:
    1) isShiftedMask_32: anomalous brief (too long, reads like a description (296 chars)): "Return true if the argument contains a non-empty sequence of ones with the remainder zero (32 bit ve..."

An issue occurred during execution.
If you believe this is a bug, please report it at https://github.com/cppalliance/mrdocs/issues
with the following details:
    MrDocs Version: 0.8.0 (Build: bc8722535fba9a2811a8f9d0cadfe04e4248478b)
    Reported From: `src/mrdocs/Extensions/LuaBinding.cpp` at line 138

    1) isAlwaysUniform: anomalous brief (too long, reads like a description (167 chars)): "Whether V is always uniform and will not be added to UniformValues. For IR this identifies constants..."

An issue occurred during execution.
If you believe this is a bug, please report it at https://github.com/cppalliance/mrdocs/issues
with the following details:
    MrDocs Version: 0.8.0 (Build: bc8722535fba9a2811a8f9d0cadfe04e4248478b)
    Reported From: `src/mrdocs/Extensions/LuaBinding.cpp` at line 138

llvm/include/llvm/Support/MathExtras.h:586:1:
    1) AbsoluteValue: anomalous brief (too long, reads like a description (175 chars)): "Return the absolute value of a signed integer, converted to the corresponding unsigned integer type...."

An issue occurred during execution.
If you believe this is a bug, please report it at https://github.com/cppalliance/mrdocs/issues
with the following details:
    MrDocs Version: 0.8.0 (Build: bc8722535fba9a2811a8f9d0cadfe04e4248478b)
    Reported From: `src/mrdocs/Extensions/LuaBinding.cpp` at line 138

llvm/include/llvm/Support/MathExtras.h:631:1:
    1) SaturatingMultiply: anomalous brief (too long, reads like a description (220 chars)): "Multiply two unsigned integers, X and Y, of type T. Clamp the result to the maximum representable va..."

An issue occurred during execution.
If you believe this is a bug, please report it at https://github.com/cppalliance/mrdocs/issues
with the following details:
    MrDocs Version: 0.8.0 (Build: bc8722535fba9a2811a8f9d0cadfe04e4248478b)
    Reported From: `src/mrdocs/Extensions/LuaBinding.cpp` at line 138

llvm/include/llvm/Support/MathExtras.h:696:1:
    1) AddOverflow: anomalous brief (too long, reads like a description (187 chars)): "Add two signed integers, computing the two's complement truncated result, returning a pair {result, ..."

An issue occurred during execution.
If you believe this is a bug, please report it at https://github.com/cppalliance/mrdocs/issues
with the following details:
    MrDocs Version: 0.8.0 (Build: bc8722535fba9a2811a8f9d0cadfe04e4248478b)
    Reported From: `src/mrdocs/Extensions/LuaBinding.cpp` at line 138

llvm/include/llvm/ADT/STLExtras.h:1946:1:
    1) is_contained: anomalous brief (too long, reads like a description (310 chars)): "Returns true if Element is found in Range. Delegates the check to either .contains(Element), .find(E..."

An issue occurred during execution.
If you believe this is a bug, please report it at https://github.com/cppalliance/mrdocs/issues
with the following details:
    MrDocs Version: 0.8.0 (Build: bc8722535fba9a2811a8f9d0cadfe04e4248478b)
    Reported From: `src/mrdocs/Extensions/LuaBinding.cpp` at line 138

llvm/include/llvm/ADT/APInt.h:519:3:
    1) isShiftedMask: anomalous brief (too long, reads like a description (240 chars)): "Return true if this APInt value contains a non-empty sequence of ones with the remainder zero. If tr..."

An issue occurred during execution.
If you believe this is a bug, please report it at https://github.com/cppalliance/mrdocs/issues
with the following details:
    MrDocs Version: 0.8.0 (Build: bc8722535fba9a2811a8f9d0cadfe04e4248478b)
    Reported From: `src/mrdocs/Extensions/LuaBinding.cpp` at line 138

    1) convertToCamelFromSnakeCase: anomalous brief (too long, reads like a description (226 chars)): "Converts a string from snake-case to camel-case by replacing all occurrences of '_' followed by a lo..."

An issue occurred during execution.
If you believe this is a bug, please report it at https://github.com/cppalliance/mrdocs/issues
with the following details:
    MrDocs Version: 0.8.0 (Build: bc8722535fba9a2811a8f9d0cadfe04e4248478b)
    Reported From: `src/mrdocs/Extensions/LuaBinding.cpp` at line 138

llvm/include/llvm/ADT/ImmutableList.h:91:1:
    1) ImmutableList: anomalous brief (too long, reads like a description (508 chars)): "This class represents an immutable (functional) list. It is implemented as a smart pointer (wraps Im..."

An issue occurred during execution.
If you believe this is a bug, please report it at https://github.com/cppalliance/mrdocs/issues
with the following details:
    MrDocs Version: 0.8.0 (Build: bc8722535fba9a2811a8f9d0cadfe04e4248478b)
    Reported From: `src/mrdocs/Extensions/LuaBinding.cpp` at line 138

llvm/include/llvm/ADT/APInt.h:1816:3:
    1) abs: anomalous brief (too long, reads like a description (195 chars)): "Get the absolute value. If *this is < 0 then return -(*this), otherwise *this. Note that the "most n..."

An issue occurred during execution.
If you believe this is a bug, please report it at https://github.com/cppalliance/mrdocs/issues
with the following details:
    MrDocs Version: 0.8.0 (Build: bc8722535fba9a2811a8f9d0cadfe04e4248478b)
    Reported From: `src/mrdocs/Extensions/LuaBinding.cpp` at line 138

    1) tcExtract: anomalous brief (too long, reads like a description (216 chars)): "Copy the bit vector of width srcBITS from SRC, starting at bit srcLSB, to DST, of dstCOUNT parts, su..."

An issue occurred during execution.
If you believe this is a bug, please report it at https://github.com/cppalliance/mrdocs/issues
with the following details:
    MrDocs Version: 0.8.0 (Build: bc8722535fba9a2811a8f9d0cadfe04e4248478b)
    Reported From: `src/mrdocs/Extensions/LuaBinding.cpp` at line 138

    1) getStandaloneMemoryBufferImpl: anomalous brief (too long, reads like a description (418 chars)): "Customization point for getStandaloneMemoryBuffer(). The default implementation copies the data, whi..."

An issue occurred during execution.
If you believe this is a bug, please report it at https://github.com/cppalliance/mrdocs/issues
with the following details:
    MrDocs Version: 0.8.0 (Build: bc8722535fba9a2811a8f9d0cadfe04e4248478b)
    Reported From: `src/mrdocs/Extensions/LuaBinding.cpp` at line 138

llvm/include/llvm/ADT/StringExtras.h:48:1:
    1) toStringRefArray: anomalous brief (too long, reads like a description (163 chars)): "Given an array of c-style strings terminated by a null pointer, construct a vector of StringRefs rep..."

An issue occurred during execution.
If you believe this is a bug, please report it at https://github.com/cppalliance/mrdocs/issues
with the following details:
    MrDocs Version: 0.8.0 (Build: bc8722535fba9a2811a8f9d0cadfe04e4248478b)
    Reported From: `src/mrdocs/Extensions/LuaBinding.cpp` at line 138

llvm/include/llvm/ADT/PostOrderIterator.h:295:1:
    1) PostOrderExtTraversal: anomalous brief (too long, reads like a description (258 chars)): "Post-order traversal of the graph starting at the root node using an external storage. This can be u..."

An issue occurred during execution.
If you believe this is a bug, please report it at https://github.com/cppalliance/mrdocs/issues
with the following details:
    MrDocs Version: 0.8.0 (Build: bc8722535fba9a2811a8f9d0cadfe04e4248478b)
    Reported From: `src/mrdocs/Extensions/LuaBinding.cpp` at line 138

llvm/include/llvm/ADT/StringExtras.h:246:1:
    1) tryGetFromHex: anomalous brief (too long, reads like a description (284 chars)): "Convert hexadecimal string Input to its binary representation and store the result in Output. Return..."

An issue occurred during execution.
If you believe this is a bug, please report it at https://github.com/cppalliance/mrdocs/issues
with the following details:
    MrDocs Version: 0.8.0 (Build: bc8722535fba9a2811a8f9d0cadfe04e4248478b)
    Reported From: `src/mrdocs/Extensions/LuaBinding.cpp` at line 138

llvm/include/llvm/ADT/StringExtras.h:292:1:
    1) to_integer: anomalous brief (too long, reads like a description (188 chars)): "Convert the string S to an integer of the specified type using the radix Base. If Base is 0, auto-de..."

An issue occurred during execution.
If you believe this is a bug, please report it at https://github.com/cppalliance/mrdocs/issues
with the following details:
    MrDocs Version: 0.8.0 (Build: bc8722535fba9a2811a8f9d0cadfe04e4248478b)
    Reported From: `src/mrdocs/Extensions/LuaBinding.cpp` at line 138

llvm/include/llvm/ADT/ImmutableSet.h:1640:3:
    1) ImmutableSetRef: anomalous brief (too long, reads like a description (217 chars)): "Constructs a set from a pointer to a tree root. In general one should use a Factory object to create..."

An issue occurred during execution.
If you believe this is a bug, please report it at https://github.com/cppalliance/mrdocs/issues
with the following details:
    MrDocs Version: 0.8.0 (Build: bc8722535fba9a2811a8f9d0cadfe04e4248478b)
    Reported From: `src/mrdocs/Extensions/LuaBinding.cpp` at line 138

    1) raw_fd_ostream: anomalous brief (too long, reads like a description (175 chars)): "FD is the file descriptor that this writes to. If ShouldClose is true, this closes the file when the..."

An issue occurred during execution.
If you believe this is a bug, please report it at https://github.com/cppalliance/mrdocs/issues
with the following details:
    MrDocs Version: 0.8.0 (Build: bc8722535fba9a2811a8f9d0cadfe04e4248478b)
    Reported From: `src/mrdocs/Extensions/LuaBinding.cpp` at line 138

llvm/include/llvm/ADT/ArrayRef.h:294:1:
    1) MutableArrayRef: anomalous brief (too long, reads like a description (210 chars)): "Represent a mutable reference to an array (0 or more elements consecutively in memory), i.e. a start..."

An issue occurred during execution.
If you believe this is a bug, please report it at https://github.com/cppalliance/mrdocs/issues
with the following details:
    MrDocs Version: 0.8.0 (Build: bc8722535fba9a2811a8f9d0cadfe04e4248478b)
    Reported From: `src/mrdocs/Extensions/LuaBinding.cpp` at line 138

llvm/include/llvm/ADT/PointerSumType.h:25:1:
    1) PointerSumTypeMember: anomalous brief (too long, reads like a description (229 chars)): "A compile time pair of an integer tag and the pointer-like type which it indexes within a sum type. ..."

An issue occurred during execution.
If you believe this is a bug, please report it at https://github.com/cppalliance/mrdocs/issues
with the following details:
    MrDocs Version: 0.8.0 (Build: bc8722535fba9a2811a8f9d0cadfe04e4248478b)
    Reported From: `src/mrdocs/Extensions/LuaBinding.cpp` at line 138

llvm/include/llvm/ADT/StringExtras.h:615:1:
    1) split: anomalous brief (too long, reads like a description (173 chars)): "Split the specified string over a separator and return a range-compatible iterable over its partitio..."

An issue occurred during execution.
If you believe this is a bug, please report it at https://github.com/cppalliance/mrdocs/issues
with the following details:
    MrDocs Version: 0.8.0 (Build: bc8722535fba9a2811a8f9d0cadfe04e4248478b)
    Reported From: `src/mrdocs/Extensions/LuaBinding.cpp` at line 138

    1) get_thread_name: anomalous brief (too long, reads like a description (394 chars)): "Get the name of the current thread. The level of support for getting a thread's name varies wildly a..."

An issue occurred during execution.
If you believe this is a bug, please report it at https://github.com/cppalliance/mrdocs/issues
with the following details:
    MrDocs Version: 0.8.0 (Build: bc8722535fba9a2811a8f9d0cadfe04e4248478b)
    Reported From: `src/mrdocs/Extensions/LuaBinding.cpp` at line 138

llvm/include/llvm/ADT/FoldingSet.h:923:1:
    1) FastFoldingSetNode: anomalous brief (too long, reads like a description (326 chars)): "This is a subclass of FoldingSetNode which stores a FoldingSetNodeID value rather than requiring the..."

An issue occurred during execution.
If you believe this is a bug, please report it at https://github.com/cppalliance/mrdocs/issues
with the following details:
    MrDocs Version: 0.8.0 (Build: bc8722535fba9a2811a8f9d0cadfe04e4248478b)
    Reported From: `src/mrdocs/Extensions/LuaBinding.cpp` at line 138

llvm/include/llvm/Support/BLAKE3.h:137:3:
    1) final: anomalous brief (too long, reads like a description (171 chars)): "Finalize the hasher and return an output of any length, given in bytes. This doesn't modify the hash..."

An issue occurred during execution.
If you believe this is a bug, please report it at https://github.com/cppalliance/mrdocs/issues
with the following details:
    MrDocs Version: 0.8.0 (Build: bc8722535fba9a2811a8f9d0cadfe04e4248478b)
    Reported From: `src/mrdocs/Extensions/LuaBinding.cpp` at line 138

llvm/include/llvm/ADT/Sequence.h:339:1:
    1) seq: anomalous brief (too long, reads like a description (223 chars)): "Iterate over an integral type from Begin up to - but not including - End. Note: Begin and End values..."

An issue occurred during execution.
If you believe this is a bug, please report it at https://github.com/cppalliance/mrdocs/issues
with the following details:
    MrDocs Version: 0.8.0 (Build: bc8722535fba9a2811a8f9d0cadfe04e4248478b)
    Reported From: `src/mrdocs/Extensions/LuaBinding.cpp` at line 138

llvm/include/llvm/ADT/StringRef.h:519:3:
    1) consumeInteger: anomalous brief (too long, reads like a description (182 chars)): "Parse the current string as an integer of the specified radix. If Radix is specified as zero, this d..."

An issue occurred during execution.
If you believe this is a bug, please report it at https://github.com/cppalliance/mrdocs/issues
with the following details:
    MrDocs Version: 0.8.0 (Build: bc8722535fba9a2811a8f9d0cadfe04e4248478b)
    Reported From: `src/mrdocs/Extensions/LuaBinding.cpp` at line 138

    1) getMainExecutable: anomalous brief (too long, reads like a description (180 chars)): "Return the path to the main executable, given the value of argv[0]from program startup and the addre..."

An issue occurred during execution.
If you believe this is a bug, please report it at https://github.com/cppalliance/mrdocs/issues
with the following details:
    MrDocs Version: 0.8.0 (Build: bc8722535fba9a2811a8f9d0cadfe04e4248478b)
    Reported From: `src/mrdocs/Extensions/LuaBinding.cpp` at line 138

llvm/include/llvm/ADT/SparseSet.h:320:3:
    1) operator[]: anomalous brief (too long, reads like a description (179 chars)): "array subscript - If an element already exists with this key, return it. Otherwise, automatically co..."

An issue occurred during execution.
If you believe this is a bug, please report it at https://github.com/cppalliance/mrdocs/issues
with the following details:
    MrDocs Version: 0.8.0 (Build: bc8722535fba9a2811a8f9d0cadfe04e4248478b)
    Reported From: `src/mrdocs/Extensions/LuaBinding.cpp` at line 138

    1) SolveQuadraticEquationWrap: anomalous brief (too long, reads like a description (1012 chars)): "Let q(n) = An^2 + Bn + C, and BW = bit width of the value range (e.g. 32 for i32). This function fin..."

An issue occurred during execution.
If you believe this is a bug, please report it at https://github.com/cppalliance/mrdocs/issues
with the following details:
    MrDocs Version: 0.8.0 (Build: bc8722535fba9a2811a8f9d0cadfe04e4248478b)
    Reported From: `src/mrdocs/Extensions/LuaBinding.cpp` at line 138

    1) llvm_unreachable_internal: anomalous brief (too long, reads like a description (172 chars)): "This function calls abort(), and prints the optional message to stderr. Use the llvm_unreachable mac..."

An issue occurred during execution.
If you believe this is a bug, please report it at https://github.com/cppalliance/mrdocs/issues
with the following details:
    MrDocs Version: 0.8.0 (Build: bc8722535fba9a2811a8f9d0cadfe04e4248478b)
    Reported From: `src/mrdocs/Extensions/LuaBinding.cpp` at line 138

llvm/include/llvm/ADT/DenseMap.h:433:3:
    1) getPointerIntoBucketsArray: anomalous brief (too long, reads like a description (206 chars)): "getPointerIntoBucketsArray() - Return an opaque pointer into the buckets array. In conjunction with ..."

An issue occurred during execution.
If you believe this is a bug, please report it at https://github.com/cppalliance/mrdocs/issues
with the following details:
    MrDocs Version: 0.8.0 (Build: bc8722535fba9a2811a8f9d0cadfe04e4248478b)
    Reported From: `src/mrdocs/Extensions/LuaBinding.cpp` at line 138

llvm/include/llvm/ADT/StringExtras.h:222:1:
    1) tryGetHexFromNibbles: anomalous brief (too long, reads like a description (247 chars)): "Store the binary representation of the two provided values, MSB and LSB, that make up the nibbles of..."

An issue occurred during execution.
If you believe this is a bug, please report it at https://github.com/cppalliance/mrdocs/issues
with the following details:
    MrDocs Version: 0.8.0 (Build: bc8722535fba9a2811a8f9d0cadfe04e4248478b)
    Reported From: `src/mrdocs/Extensions/LuaBinding.cpp` at line 138

    1) function_ref: anomalous brief (too long, reads like a description (181 chars)): "An efficient, type-erasing, non-owning reference to a callable. This is intended for use as the type..."

An issue occurred during execution.
If you believe this is a bug, please report it at https://github.com/cppalliance/mrdocs/issues
with the following details:
    MrDocs Version: 0.8.0 (Build: bc8722535fba9a2811a8f9d0cadfe04e4248478b)
    Reported From: `src/mrdocs/Extensions/LuaBinding.cpp` at line 138

llvm/include/llvm/Support/MathExtras.h:733:1:
    1) SubOverflow: anomalous brief (too long, reads like a description (192 chars)): "Subtract two signed integers, computing the two's complement truncated result, returning a pair {res..."

An issue occurred during execution.
If you believe this is a bug, please report it at https://github.com/cppalliance/mrdocs/issues
with the following details:
    MrDocs Version: 0.8.0 (Build: bc8722535fba9a2811a8f9d0cadfe04e4248478b)
    Reported From: `src/mrdocs/Extensions/LuaBinding.cpp` at line 138

llvm/include/llvm/Support/raw_ostream.h:694:1:
    1) raw_svector_ostream: anomalous brief (too long, reads like a description (338 chars)): "A raw_ostream that writes to an SmallVector or SmallString. This is a simple adaptor class. This cla..."

An issue occurred during execution.
If you believe this is a bug, please report it at https://github.com/cppalliance/mrdocs/issues
with the following details:
    MrDocs Version: 0.8.0 (Build: bc8722535fba9a2811a8f9d0cadfe04e4248478b)
    Reported From: `src/mrdocs/Extensions/LuaBinding.cpp` at line 138

llvm/include/llvm/ADT/IntervalTree.h:198:1:
    1) IntervalData: anomalous brief (too long, reads like a description (175 chars)): "An interval data composed by a Left and Right points and an associated Value. PointT corresponds to ..."

An issue occurred during execution.
If you believe this is a bug, please report it at https://github.com/cppalliance/mrdocs/issues
with the following details:
    MrDocs Version: 0.8.0 (Build: bc8722535fba9a2811a8f9d0cadfe04e4248478b)
    Reported From: `src/mrdocs/Extensions/LuaBinding.cpp` at line 138

llvm/include/llvm/ADT/ImmutableSet.h:1297:1:
    1) ImutContainerInfo: anomalous brief (too long, reads like a description (170 chars)): "Generic definition of comparison operations for elements of immutable containers that defaults to us..."

An issue occurred during execution.
If you believe this is a bug, please report it at https://github.com/cppalliance/mrdocs/issues
with the following details:
    MrDocs Version: 0.8.0 (Build: bc8722535fba9a2811a8f9d0cadfe04e4248478b)
    Reported From: `src/mrdocs/Extensions/LuaBinding.cpp` at line 138

llvm/include/llvm/ADT/PointerUnion.h:69:1:
    1) computeFixedTags: anomalous brief (too long, reads like a description (196 chars)): "Compute fixed-width tag table (all types have enough bits for the tag). For example, with 4 types an..."

An issue occurred during execution.
If you believe this is a bug, please report it at https://github.com/cppalliance/mrdocs/issues
with the following details:
    MrDocs Version: 0.8.0 (Build: bc8722535fba9a2811a8f9d0cadfe04e4248478b)
    Reported From: `src/mrdocs/Extensions/LuaBinding.cpp` at line 138

llvm/include/llvm/ADT/StringRef.h:490:3:
    1) getAsInteger: anomalous brief (too long, reads like a description (182 chars)): "Parse the current string as an integer of the specified radix. If Radix is specified as zero, this d..."

An issue occurred during execution.
If you believe this is a bug, please report it at https://github.com/cppalliance/mrdocs/issues
with the following details:
    MrDocs Version: 0.8.0 (Build: bc8722535fba9a2811a8f9d0cadfe04e4248478b)
    Reported From: `src/mrdocs/Extensions/LuaBinding.cpp` at line 138

llvm/include/llvm/ADT/TypeSwitch.h:56:3:
    1) Case: anomalous brief (too long, reads like a description (203 chars)): "Invoke a case on the derived class, inferring the type of the Case from the first input of the given..."

An issue occurred during execution.
If you believe this is a bug, please report it at https://github.com/cppalliance/mrdocs/issues
with the following details:
    MrDocs Version: 0.8.0 (Build: bc8722535fba9a2811a8f9d0cadfe04e4248478b)
    Reported From: `src/mrdocs/Extensions/LuaBinding.cpp` at line 138

    1) errs: anomalous brief (too long, reads like a description (261 chars)): "This returns a reference to a raw_ostream for standard error. Use it like: errs() << "foo" << "bar";..."

An issue occurred during execution.
If you believe this is a bug, please report it at https://github.com/cppalliance/mrdocs/issues
with the following details:
    MrDocs Version: 0.8.0 (Build: bc8722535fba9a2811a8f9d0cadfe04e4248478b)
    Reported From: `src/mrdocs/Extensions/LuaBinding.cpp` at line 138

llvm/include/llvm/ADT/STLExtras.h:2611:1:
    1) hasNItems: anomalous brief (too long, reads like a description (190 chars)): "Return true if the sequence [Begin, End) has exactly N items. Runs in O(N)] time. Not meant for use ..."

An issue occurred during execution.
If you believe this is a bug, please report it at https://github.com/cppalliance/mrdocs/issues
with the following details:
    MrDocs Version: 0.8.0 (Build: bc8722535fba9a2811a8f9d0cadfe04e4248478b)
    Reported From: `src/mrdocs/Extensions/LuaBinding.cpp` at line 138

llvm/include/llvm/ADT/Twine.h:281:16:
    1) Twine: anomalous brief (too long, reads like a description (261 chars)): "Construct from an std::string_view by converting it to a pointer and length. This handles string_vie..."

An issue occurred during execution.
If you believe this is a bug, please report it at https://github.com/cppalliance/mrdocs/issues
with the following details:
    MrDocs Version: 0.8.0 (Build: bc8722535fba9a2811a8f9d0cadfe04e4248478b)
    Reported From: `src/mrdocs/Extensions/LuaBinding.cpp` at line 138

llvm/include/llvm/ADT/IntervalMap.h:1691:3:
    1) advanceTo: anomalous brief (too long, reads like a description (201 chars)): "advanceTo - Move to the first interval with stop >= x, or end(). The search is started from the curr..."

An issue occurred during execution.
If you believe this is a bug, please report it at https://github.com/cppalliance/mrdocs/issues
with the following details:
    MrDocs Version: 0.8.0 (Build: bc8722535fba9a2811a8f9d0cadfe04e4248478b)
    Reported From: `src/mrdocs/Extensions/LuaBinding.cpp` at line 138

llvm/include/llvm/ADT/Twine.h:461:3:
    1) toStringRef: anomalous brief (too long, reads like a description (191 chars)): "This returns the twine as a single StringRef if it can be represented as such. Otherwise the twine i..."

An issue occurred during execution.
If you believe this is a bug, please report it at https://github.com/cppalliance/mrdocs/issues
with the following details:
    MrDocs Version: 0.8.0 (Build: bc8722535fba9a2811a8f9d0cadfe04e4248478b)
    Reported From: `src/mrdocs/Extensions/LuaBinding.cpp` at line 138

    1) ValueHandleBase: anomalous brief (too long, reads like a description (197 chars)): "Forward declaration of the value-handle base class. Befriended below so DenseMapBase can expose its ..."

An issue occurred during execution.
If you believe this is a bug, please report it at https://github.com/cppalliance/mrdocs/issues
with the following details:
    MrDocs Version: 0.8.0 (Build: bc8722535fba9a2811a8f9d0cadfe04e4248478b)
    Reported From: `src/mrdocs/Extensions/LuaBinding.cpp` at line 138

    1) get: anomalous brief (too long, reads like a description (190 chars)): "Get the data of Size stored at the given Offset. Note the allocator doesn't keep track of the alloca..."

An issue occurred during execution.
If you believe this is a bug, please report it at https://github.com/cppalliance/mrdocs/issues
with the following details:
    MrDocs Version: 0.8.0 (Build: bc8722535fba9a2811a8f9d0cadfe04e4248478b)
    Reported From: `src/mrdocs/Extensions/LuaBinding.cpp` at line 138

    1) detail: anomalous brief (too long, reads like a description (254 chars)): "These are templated helper classes used by the format function that capture the object to be formatt..."

An issue occurred during execution.
If you believe this is a bug, please report it at https://github.com/cppalliance/mrdocs/issues
with the following details:
    MrDocs Version: 0.8.0 (Build: bc8722535fba9a2811a8f9d0cadfe04e4248478b)
    Reported From: `src/mrdocs/Extensions/LuaBinding.cpp` at line 138

    1) get_threadid: anomalous brief (too long, reads like a description (209 chars)): "Return the current thread id, as used in various OS system calls. Note that not all platforms guaran..."

An issue occurred during execution.
If you believe this is a bug, please report it at https://github.com/cppalliance/mrdocs/issues
with the following details:
    MrDocs Version: 0.8.0 (Build: bc8722535fba9a2811a8f9d0cadfe04e4248478b)
    Reported From: `src/mrdocs/Extensions/LuaBinding.cpp` at line 138

    1) close: anomalous brief (too long, reads like a description (180 chars)): "This is called implicitly at destruction time, so it is not required for a client to call this. Afte..."

An issue occurred during execution.
If you believe this is a bug, please report it at https://github.com/cppalliance/mrdocs/issues
with the following details:
    MrDocs Version: 0.8.0 (Build: bc8722535fba9a2811a8f9d0cadfe04e4248478b)
    Reported From: `src/mrdocs/Extensions/LuaBinding.cpp` at line 138

llvm/include/llvm/ADT/SmallVector.h:1335:1:
    1) to_vector: anomalous brief (too long, reads like a description (192 chars)): "Given a range of type R, iterate the entire range and return a SmallVector with elements of the vect..."

An issue occurred during execution.
If you believe this is a bug, please report it at https://github.com/cppalliance/mrdocs/issues
with the following details:
    MrDocs Version: 0.8.0 (Build: bc8722535fba9a2811a8f9d0cadfe04e4248478b)
    Reported From: `src/mrdocs/Extensions/LuaBinding.cpp` at line 138

llvm/include/llvm/Support/Allocator.h:340:3:
    1) identifyKnownAlignedObject: anomalous brief (too long, reads like a description (372 chars)): "A wrapper around identifyKnownObject. Accepts type information about the object and produces a small..."

An issue occurred during execution.
If you believe this is a bug, please report it at https://github.com/cppalliance/mrdocs/issues
with the following details:
    MrDocs Version: 0.8.0 (Build: bc8722535fba9a2811a8f9d0cadfe04e4248478b)
    Reported From: `src/mrdocs/Extensions/LuaBinding.cpp` at line 138

llvm/include/llvm/ADT/SetVector.h:302:3:
    1) set_union: anomalous brief (too long, reads like a description (174 chars)): "Compute This := This u S, return whether 'This' changed. TODO: We should be able to use set_union fr..."

An issue occurred during execution.
If you believe this is a bug, please report it at https://github.com/cppalliance/mrdocs/issues
with the following details:
    MrDocs Version: 0.8.0 (Build: bc8722535fba9a2811a8f9d0cadfe04e4248478b)
    Reported From: `src/mrdocs/Extensions/LuaBinding.cpp` at line 138

    1) getAsInteger: anomalous brief (too long, reads like a description (229 chars)): "Parse the current string as an integer of the specified Radix, or of an autosensed radix if the Radi..."

An issue occurred during execution.
If you believe this is a bug, please report it at https://github.com/cppalliance/mrdocs/issues
with the following details:
    MrDocs Version: 0.8.0 (Build: bc8722535fba9a2811a8f9d0cadfe04e4248478b)
    Reported From: `src/mrdocs/Extensions/LuaBinding.cpp` at line 138

    1) is_detected: anomalous brief (too long, reads like a description (339 chars)): "Detects if a given trait holds for some set of arguments 'Args'. For example, the given trait could ..."

An issue occurred during execution.
If you believe this is a bug, please report it at https://github.com/cppalliance/mrdocs/issues
with the following details:
    MrDocs Version: 0.8.0 (Build: bc8722535fba9a2811a8f9d0cadfe04e4248478b)
    Reported From: `src/mrdocs/Extensions/LuaBinding.cpp` at line 138

llvm/include/llvm/ADT/STLForwardCompat.h:165:1:
    1) is_sorted_constexpr: anomalous brief (too long, reads like a description (198 chars)): "Check if elements in range First to Last are sorted with respect to a comparator C. constexpr allows..."

An issue occurred during execution.
If you believe this is a bug, please report it at https://github.com/cppalliance/mrdocs/issues
with the following details:
    MrDocs Version: 0.8.0 (Build: bc8722535fba9a2811a8f9d0cadfe04e4248478b)
    Reported From: `src/mrdocs/Extensions/LuaBinding.cpp` at line 138

llvm/include/llvm/ADT/ImmutableSet.h:843:3:
    1) merge_internal: anomalous brief (too long, reads like a description (624 chars)): "Merges A and B by recursing over A's structure and splitting B at each of A's keys. For a key in bot..."

An issue occurred during execution.
If you believe this is a bug, please report it at https://github.com/cppalliance/mrdocs/issues
with the following details:
    MrDocs Version: 0.8.0 (Build: bc8722535fba9a2811a8f9d0cadfe04e4248478b)
    Reported From: `src/mrdocs/Extensions/LuaBinding.cpp` at line 138

llvm/include/llvm/ADT/ImmutableMap.h:27:1:
    1) ImutKeyValueInfo: anomalous brief (too long, reads like a description (191 chars)): "Traits class used by ImmutableMap. While both the first and second elements in a pair are used to ge..."

An issue occurred during execution.
If you believe this is a bug, please report it at https://github.com/cppalliance/mrdocs/issues
with the following details:
    MrDocs Version: 0.8.0 (Build: bc8722535fba9a2811a8f9d0cadfe04e4248478b)
    Reported From: `src/mrdocs/Extensions/LuaBinding.cpp` at line 138

llvm/include/llvm/ADT/PointerUnion.h:90:1:
    1) computeExtendedTags: anomalous brief (too long, reads like a description (249 chars)): "Compute variable-width tag table, or return std::nullopt if the types don't fit. Types must be in no..."

An issue occurred during execution.
If you believe this is a bug, please report it at https://github.com/cppalliance/mrdocs/issues
with the following details:
    MrDocs Version: 0.8.0 (Build: bc8722535fba9a2811a8f9d0cadfe04e4248478b)
    Reported From: `src/mrdocs/Extensions/LuaBinding.cpp` at line 138

    1) raw_fd_stream: anomalous brief (too long, reads like a description (164 chars)): "Open the specified file for reading/writing/seeking. If an error occurs, information about the error..."

An issue occurred during execution.
If you believe this is a bug, please report it at https://github.com/cppalliance/mrdocs/issues
with the following details:
    MrDocs Version: 0.8.0 (Build: bc8722535fba9a2811a8f9d0cadfe04e4248478b)
    Reported From: `src/mrdocs/Extensions/LuaBinding.cpp` at line 138

llvm/include/llvm/ADT/ArrayRef.h:438:3:
    1) operator[]: anomalous brief (too short): "@}"

An issue occurred during execution.
If you believe this is a bug, please report it at https://github.com/cppalliance/mrdocs/issues
with the following details:
    MrDocs Version: 0.8.0 (Build: bc8722535fba9a2811a8f9d0cadfe04e4248478b)
    Reported From: `src/mrdocs/Extensions/LuaBinding.cpp` at line 138

llvm/include/llvm/ADT/STLExtras.h:1861:1:
    1) find_singleton_nested: anomalous brief (too long, reads like a description (604 chars)): "Return a pair consisting of the single value in Range that satisfies P(<member of Range> , AllowRepe..."

An issue occurred during execution.
If you believe this is a bug, please report it at https://github.com/cppalliance/mrdocs/issues
with the following details:
    MrDocs Version: 0.8.0 (Build: bc8722535fba9a2811a8f9d0cadfe04e4248478b)
    Reported From: `src/mrdocs/Extensions/LuaBinding.cpp` at line 138

llvm/include/llvm/Support/Format.h:177:1:
    1) format_hex_no_prefix: anomalous brief (too long, reads like a description (353 chars)): "format_hex_no_prefix - Output N as a fixed width hexadecimal. Does not prepend '0x' to the outputted..."

An issue occurred during execution.
If you believe this is a bug, please report it at https://github.com/cppalliance/mrdocs/issues
with the following details:
    MrDocs Version: 0.8.0 (Build: bc8722535fba9a2811a8f9d0cadfe04e4248478b)
    Reported From: `src/mrdocs/Extensions/LuaBinding.cpp` at line 138

llvm/include/llvm/ADT/STLExtras.h:65:1:
    1) function_traits: anomalous brief (too long, reads like a description (235 chars)): "This class provides various trait information about a callable object. * To access the number of arg..."

An issue occurred during execution.
If you believe this is a bug, please report it at https://github.com/cppalliance/mrdocs/issues
with the following details:
    MrDocs Version: 0.8.0 (Build: bc8722535fba9a2811a8f9d0cadfe04e4248478b)
    Reported From: `src/mrdocs/Extensions/LuaBinding.cpp` at line 138

llvm/include/llvm/ADT/StringMap.h:432:3:
    1) insert: anomalous brief (too long, reads like a description (170 chars)): "insert - Insert the specified key/value pair into the map. If the key already exists in the map, ret..."

An issue occurred during execution.
If you believe this is a bug, please report it at https://github.com/cppalliance/mrdocs/issues
with the following details:
    MrDocs Version: 0.8.0 (Build: bc8722535fba9a2811a8f9d0cadfe04e4248478b)
    Reported From: `src/mrdocs/Extensions/LuaBinding.cpp` at line 138

llvm/include/llvm/Support/Casting.h:770:1:
    1) unique_dyn_cast: anomalous brief (too long, reads like a description (310 chars)): "unique_dyn_cast<X> - Given a unique_ptr<Y>, try to return a unique_ptr<X>, taking ownership of the i..."

An issue occurred during execution.
If you believe this is a bug, please report it at https://github.com/cppalliance/mrdocs/issues
with the following details:
    MrDocs Version: 0.8.0 (Build: bc8722535fba9a2811a8f9d0cadfe04e4248478b)
    Reported From: `src/mrdocs/Extensions/LuaBinding.cpp` at line 138

llvm/include/llvm/Support/raw_ostream.h:664:1:
    1) raw_string_ostream: anomalous brief (too long, reads like a description (322 chars)): "A raw_ostream that writes to an std::string. This is a simple adaptor class. This class does not enc..."

An issue occurred during execution.
If you believe this is a bug, please report it at https://github.com/cppalliance/mrdocs/issues
with the following details:
    MrDocs Version: 0.8.0 (Build: bc8722535fba9a2811a8f9d0cadfe04e4248478b)
    Reported From: `src/mrdocs/Extensions/LuaBinding.cpp` at line 138

llvm/include/llvm/Support/Casting.h:308:1:
    1) DefaultDoCastIfPossible: anomalous brief (too long, reads like a description (213 chars)): "This cast trait just provides the default implementation of doCastIfPossible to make CastInfo specia..."

An issue occurred during execution.
If you believe this is a bug, please report it at https://github.com/cppalliance/mrdocs/issues
with the following details:
    MrDocs Version: 0.8.0 (Build: bc8722535fba9a2811a8f9d0cadfe04e4248478b)
    Reported From: `src/mrdocs/Extensions/LuaBinding.cpp` at line 138

    1) convertToSnakeFromCamelCase: anomalous brief (too long, reads like a description (197 chars)): "Converts a string from camel-case to snake-case by replacing all uppercase letters with '_' followed..."

An issue occurred during execution.
If you believe this is a bug, please report it at https://github.com/cppalliance/mrdocs/issues
with the following details:
    MrDocs Version: 0.8.0 (Build: bc8722535fba9a2811a8f9d0cadfe04e4248478b)
    Reported From: `src/mrdocs/Extensions/LuaBinding.cpp` at line 138

llvm/include/llvm/Support/Casting.h:422:1:
    1) ForwardToPointerCast: anomalous brief (too long, reads like a description (303 chars)): "Provides a cast trait that uses a defined pointer to pointer cast as a base for reference-to-referen..."

An issue occurred during execution.
If you believe this is a bug, please report it at https://github.com/cppalliance/mrdocs/issues
with the following details:
    MrDocs Version: 0.8.0 (Build: bc8722535fba9a2811a8f9d0cadfe04e4248478b)
    Reported From: `src/mrdocs/Extensions/LuaBinding.cpp` at line 138

llvm/include/llvm/ADT/STLForwardCompat.h:287:1:
    1) bind_front: anomalous brief (too long, reads like a description (197 chars)): "C++20 bind_front. Prepends bound arguments to the callable. All bind arguments and the callable are ..."

An issue occurred during execution.
If you believe this is a bug, please report it at https://github.com/cppalliance/mrdocs/issues
with the following details:
    MrDocs Version: 0.8.0 (Build: bc8722535fba9a2811a8f9d0cadfe04e4248478b)
    Reported From: `src/mrdocs/Extensions/LuaBinding.cpp` at line 138

llvm/include/llvm/Support/Casting.h:642:1:
    1) dyn_cast: anomalous brief (too long, reads like a description (347 chars)): "dyn_cast<X> - Return the argument parameter cast to the specified type. This casting operator return..."

An issue occurred during execution.
If you believe this is a bug, please report it at https://github.com/cppalliance/mrdocs/issues
with the following details:
    MrDocs Version: 0.8.0 (Build: bc8722535fba9a2811a8f9d0cadfe04e4248478b)
    Reported From: `src/mrdocs/Extensions/LuaBinding.cpp` at line 138

llvm/include/llvm/ADT/IntervalMap.h:1174:3:
    1) IntervalMap: anomalous brief (too long, reads like a description (167 chars)): "@{ NOTE: The moved-from or copied-from object's allocator needs to have a lifetime equal to or excee..."

An issue occurred during execution.
If you believe this is a bug, please report it at https://github.com/cppalliance/mrdocs/issues
with the following details:
    MrDocs Version: 0.8.0 (Build: bc8722535fba9a2811a8f9d0cadfe04e4248478b)
    Reported From: `src/mrdocs/Extensions/LuaBinding.cpp` at line 138

    1) consumeInteger: anomalous brief (too long, reads like a description (182 chars)): "Parse the current string as an integer of the specified Radix. If Radix is specified as zero, this d..."

An issue occurred during execution.
If you believe this is a bug, please report it at https://github.com/cppalliance/mrdocs/issues
with the following details:
    MrDocs Version: 0.8.0 (Build: bc8722535fba9a2811a8f9d0cadfe04e4248478b)
    Reported From: `src/mrdocs/Extensions/LuaBinding.cpp` at line 138

    1) BlockLabels: anomalous brief (too long, reads like a description (354 chars)): "Dominating definition at each block on diverged paths, indexed by block number. Transient to this pr..."

An issue occurred during execution.
If you believe this is a bug, please report it at https://github.com/cppalliance/mrdocs/issues
with the following details:
    MrDocs Version: 0.8.0 (Build: bc8722535fba9a2811a8f9d0cadfe04e4248478b)
    Reported From: `src/mrdocs/Extensions/LuaBinding.cpp` at line 138

llvm/include/llvm/ADT/APFloat.h:1747:1:
    1) maxnum: anomalous brief (too long, reads like a description (244 chars)): "Implements IEEE-754 2008 maxNum semantics. Returns the larger of the 2 arguments if both are not NaN..."

An issue occurred during execution.
If you believe this is a bug, please report it at https://github.com/cppalliance/mrdocs/issues
with the following details:
    MrDocs Version: 0.8.0 (Build: bc8722535fba9a2811a8f9d0cadfe04e4248478b)
    Reported From: `src/mrdocs/Extensions/LuaBinding.cpp` at line 138

llvm/include/llvm/ADT/ImmutableSet.h:933:3:
    1) remove_internal: anomalous brief (too long, reads like a description (202 chars)): "remove_internal - Creates a new tree that includes all the data from the original tree except the sp..."

An issue occurred during execution.
If you believe this is a bug, please report it at https://github.com/cppalliance/mrdocs/issues
with the following details:
    MrDocs Version: 0.8.0 (Build: bc8722535fba9a2811a8f9d0cadfe04e4248478b)
    Reported From: `src/mrdocs/Extensions/LuaBinding.cpp` at line 138

llvm/include/llvm/Support/Error.h:196:3:
    1) Error: anomalous brief (too long, reads like a description (212 chars)): "Move-construct an error value. The newly constructed error is considered unchecked, even if the sour..."

An issue occurred during execution.
If you believe this is a bug, please report it at https://github.com/cppalliance/mrdocs/issues
with the following details:
    MrDocs Version: 0.8.0 (Build: bc8722535fba9a2811a8f9d0cadfe04e4248478b)
    Reported From: `src/mrdocs/Extensions/LuaBinding.cpp` at line 138

    1) setCurrentDebugType: anomalous brief (too long, reads like a description (502 chars)): "setCurrentDebugType - Set the current debug type, as if the -debug-only=X option were specified. Not..."

An issue occurred during execution.
If you believe this is a bug, please report it at https://github.com/cppalliance/mrdocs/issues
with the following details:
    MrDocs Version: 0.8.0 (Build: bc8722535fba9a2811a8f9d0cadfe04e4248478b)
    Reported From: `src/mrdocs/Extensions/LuaBinding.cpp` at line 138

llvm/include/llvm/Support/Error.h:1012:1:
    1) handleAllErrors: anomalous brief (too long, reads like a description (206 chars)): "Behaves the same as handleErrors, except that by contract all errors must be handled by the given ha..."

An issue occurred during execution.
If you believe this is a bug, please report it at https://github.com/cppalliance/mrdocs/issues
with the following details:
    MrDocs Version: 0.8.0 (Build: bc8722535fba9a2811a8f9d0cadfe04e4248478b)
    Reported From: `src/mrdocs/Extensions/LuaBinding.cpp` at line 138

    1) report_bad_alloc_error: anomalous brief (too long, reads like a description (248 chars)): "Reports a bad alloc error, calling any user defined bad alloc error handler. In contrast to the gene..."

An issue occurred during execution.
If you believe this is a bug, please report it at https://github.com/cppalliance/mrdocs/issues
with the following details:
    MrDocs Version: 0.8.0 (Build: bc8722535fba9a2811a8f9d0cadfe04e4248478b)
    Reported From: `src/mrdocs/Extensions/LuaBinding.cpp` at line 138

llvm/include/llvm/ADT/STLExtras.h:374:1:
    1) mapped_iterator_base: anomalous brief (too long, reads like a description (286 chars)): "A base type of mapped iterator, that is useful for building derived iterators that do not need/want ..."

An issue occurred during execution.
If you believe this is a bug, please report it at https://github.com/cppalliance/mrdocs/issues
with the following details:
    MrDocs Version: 0.8.0 (Build: bc8722535fba9a2811a8f9d0cadfe04e4248478b)
    Reported From: `src/mrdocs/Extensions/LuaBinding.cpp` at line 138

llvm/include/llvm/ADT/SmallPtrSet.h:531:1:
    1) SmallPtrSet: anomalous brief (too long, reads like a description (271 chars)): "SmallPtrSet - This class implements a set which is optimized for holding SmallSize or less elements...."

An issue occurred during execution.
If you believe this is a bug, please report it at https://github.com/cppalliance/mrdocs/issues
with the following details:
    MrDocs Version: 0.8.0 (Build: bc8722535fba9a2811a8f9d0cadfe04e4248478b)
    Reported From: `src/mrdocs/Extensions/LuaBinding.cpp` at line 138

llvm/include/llvm/Support/Casting.h:558:1:
    1) cast: anomalous brief (too long, reads like a description (260 chars)): "cast<X> - Return the argument parameter cast to the specified type. This casting operator asserts th..."

An issue occurred during execution.
If you believe this is a bug, please report it at https://github.com/cppalliance/mrdocs/issues
with the following details:
    MrDocs Version: 0.8.0 (Build: bc8722535fba9a2811a8f9d0cadfe04e4248478b)
    Reported From: `src/mrdocs/Extensions/LuaBinding.cpp` at line 138

    1) tcMultiply: anomalous brief (too long, reads like a description (214 chars)): "DST = LHS * RHS, where DST has the same width as the operands and is filled with the least significa..."

An issue occurred during execution.
If you believe this is a bug, please report it at https://github.com/cppalliance/mrdocs/issues
with the following details:
    MrDocs Version: 0.8.0 (Build: bc8722535fba9a2811a8f9d0cadfe04e4248478b)
    Reported From: `src/mrdocs/Extensions/LuaBinding.cpp` at line 138

    1) EnableDebugBuffering: anomalous brief (too long, reads like a description (266 chars)): "EnableDebugBuffering - This defaults to false. If true, the debug stream will install signal handler..."

An issue occurred during execution.
If you believe this is a bug, please report it at https://github.com/cppalliance/mrdocs/issues
with the following details:
    MrDocs Version: 0.8.0 (Build: bc8722535fba9a2811a8f9d0cadfe04e4248478b)
    Reported From: `src/mrdocs/Extensions/LuaBinding.cpp` at line 138

llvm/include/llvm/ADT/ArrayRef.h:246:3:
    1) operator[]: anomalous brief (too short): "@}"

An issue occurred during execution.
If you believe this is a bug, please report it at https://github.com/cppalliance/mrdocs/issues
with the following details:
    MrDocs Version: 0.8.0 (Build: bc8722535fba9a2811a8f9d0cadfe04e4248478b)
    Reported From: `src/mrdocs/Extensions/LuaBinding.cpp` at line 138

llvm/include/llvm/ADT/STLExtras.h:1992:1:
    1) includes: anomalous brief (too long, reads like a description (235 chars)): "Provide wrappers to std::includes which take ranges instead of having to pass begin/end explicitly. ..."

An issue occurred during execution.
If you believe this is a bug, please report it at https://github.com/cppalliance/mrdocs/issues
with the following details:
    MrDocs Version: 0.8.0 (Build: bc8722535fba9a2811a8f9d0cadfe04e4248478b)
    Reported From: `src/mrdocs/Extensions/LuaBinding.cpp` at line 138

    1) ReferenceProxy: anomalous brief (too long, reads like a description (314 chars)): "A proxy object for computing a reference via indirecting a copy of an iterator. This is used in APIs..."

An issue occurred during execution.
If you believe this is a bug, please report it at https://github.com/cppalliance/mrdocs/issues
with the following details:
    MrDocs Version: 0.8.0 (Build: bc8722535fba9a2811a8f9d0cadfe04e4248478b)
    Reported From: `src/mrdocs/Extensions/LuaBinding.cpp` at line 138

llvm/include/llvm/ADT/APInt.h:283:3:
    1) getBitsSetFrom: anomalous brief (too long, reads like a description (226 chars)): "Constructs an APInt value that has a contiguous range of bits set. The bits from loBit (inclusive) t..."

An issue occurred during execution.
If you believe this is a bug, please report it at https://github.com/cppalliance/mrdocs/issues
with the following details:
    MrDocs Version: 0.8.0 (Build: bc8722535fba9a2811a8f9d0cadfe04e4248478b)
    Reported From: `src/mrdocs/Extensions/LuaBinding.cpp` at line 138

llvm/include/llvm/ADT/STLExtras.h:2180:1:
    1) not_equal_to: anomalous brief (too long, reads like a description (217 chars)): "Functor variant of std::not_equal_to that can be used as a UnaryPredicate in functional algorithms l..."

An issue occurred during execution.
If you believe this is a bug, please report it at https://github.com/cppalliance/mrdocs/issues
with the following details:
    MrDocs Version: 0.8.0 (Build: bc8722535fba9a2811a8f9d0cadfe04e4248478b)
    Reported From: `src/mrdocs/Extensions/LuaBinding.cpp` at line 138

llvm/include/llvm/ADT/STLExtras.h:980:1:
    1) zip_longest: anomalous brief (too long, reads like a description (188 chars)): "Iterate over two or more iterators at the same time. Iteration continues until all iterators reach t..."

An issue occurred during execution.
If you believe this is a bug, please report it at https://github.com/cppalliance/mrdocs/issues
with the following details:
    MrDocs Version: 0.8.0 (Build: bc8722535fba9a2811a8f9d0cadfe04e4248478b)
    Reported From: `src/mrdocs/Extensions/LuaBinding.cpp` at line 138

llvm/include/llvm/ADT/STLExtras.h:2553:1:
    1) enumerate: anomalous brief (too long, reads like a description (359 chars)): "Given two or more input ranges, returns a new range whose values are tuples (A, B, C, ...), such tha..."

An issue occurred during execution.
If you believe this is a bug, please report it at https://github.com/cppalliance/mrdocs/issues
with the following details:
    MrDocs Version: 0.8.0 (Build: bc8722535fba9a2811a8f9d0cadfe04e4248478b)
    Reported From: `src/mrdocs/Extensions/LuaBinding.cpp` at line 138

llvm/include/llvm/ADT/APInt.h:153:12:
    1) APInt: anomalous brief (too long, reads like a description (204 chars)): "Was equivalent to APInt(numBits, ArrayRef<uint64_t>(bigVal, numWords)) historically, but is now dele..."

An issue occurred during execution.
If you believe this is a bug, please report it at https://github.com/cppalliance/mrdocs/issues
with the following details:
    MrDocs Version: 0.8.0 (Build: bc8722535fba9a2811a8f9d0cadfe04e4248478b)
    Reported From: `src/mrdocs/Extensions/LuaBinding.cpp` at line 138

llvm/include/llvm/ADT/PostOrderIterator.h:83:1:
    1) PostOrderTraversalBase: anomalous brief (too long, reads like a description (279 chars)): "CRTP base class for post-order traversal. Storage for visited nodes must be provided by the sub-clas..."

An issue occurred during execution.
If you believe this is a bug, please report it at https://github.com/cppalliance/mrdocs/issues
with the following details:
    MrDocs Version: 0.8.0 (Build: bc8722535fba9a2811a8f9d0cadfe04e4248478b)
    Reported From: `src/mrdocs/Extensions/LuaBinding.cpp` at line 138

llvm/include/llvm/Support/raw_ostream.h:565:3:
    1) has_error: anomalous brief (too long, reads like a description (241 chars)): "Return the value of the flag in this raw_fd_ostream indicating whether an output error has been enco..."

An issue occurred during execution.
If you believe this is a bug, please report it at https://github.com/cppalliance/mrdocs/issues
with the following details:
    MrDocs Version: 0.8.0 (Build: bc8722535fba9a2811a8f9d0cadfe04e4248478b)
    Reported From: `src/mrdocs/Extensions/LuaBinding.cpp` at line 138

llvm/include/llvm/ADT/STLExtras.h:1448:1:
    1) less_second: anomalous brief (too long, reads like a description (184 chars)): "Function object to check whether the second component of a container supported by std::get (like std..."

An issue occurred during execution.
If you believe this is a bug, please report it at https://github.com/cppalliance/mrdocs/issues
with the following details:
    MrDocs Version: 0.8.0 (Build: bc8722535fba9a2811a8f9d0cadfe04e4248478b)
    Reported From: `src/mrdocs/Extensions/LuaBinding.cpp` at line 138

    1) DebugFlag: anomalous brief (too long, reads like a description (162 chars)): "This boolean is set to true if the '-debug' command line option is specified. This should probably n..."

An issue occurred during execution.
If you believe this is a bug, please report it at https://github.com/cppalliance/mrdocs/issues
with the following details:
    MrDocs Version: 0.8.0 (Build: bc8722535fba9a2811a8f9d0cadfe04e4248478b)
    Reported From: `src/mrdocs/Extensions/LuaBinding.cpp` at line 138

llvm/include/llvm/Support/Error.h:334:1:
    1) ErrorSuccess: anomalous brief (too long, reads like a description (162 chars)): "Subclass of Error for the sole purpose of identifying the success path in the type system. This allo..."

An issue occurred during execution.
If you believe this is a bug, please report it at https://github.com/cppalliance/mrdocs/issues
with the following details:
    MrDocs Version: 0.8.0 (Build: bc8722535fba9a2811a8f9d0cadfe04e4248478b)
    Reported From: `src/mrdocs/Extensions/LuaBinding.cpp` at line 138

llvm/include/llvm/ADT/STLExtras.h:1983:1:
    1) is_sorted_constexpr: anomalous brief (too long, reads like a description (170 chars)): "Check if elements in a range R are sorted with respect to a comparator C. constexpr allows use in st..."

An issue occurred during execution.
If you believe this is a bug, please report it at https://github.com/cppalliance/mrdocs/issues
with the following details:
    MrDocs Version: 0.8.0 (Build: bc8722535fba9a2811a8f9d0cadfe04e4248478b)
    Reported From: `src/mrdocs/Extensions/LuaBinding.cpp` at line 138

llvm/include/llvm/ADT/STLExtras.h:2105:1:
    1) mismatch: anomalous brief (too long, reads like a description (211 chars)): "Provide wrappers to std::mismatch which take ranges instead of having to pass begin/end explicitly. ..."

An issue occurred during execution.
If you believe this is a bug, please report it at https://github.com/cppalliance/mrdocs/issues
with the following details:
    MrDocs Version: 0.8.0 (Build: bc8722535fba9a2811a8f9d0cadfe04e4248478b)
    Reported From: `src/mrdocs/Extensions/LuaBinding.cpp` at line 138

llvm/include/llvm/ADT/STLExtras.h:455:3:
    1) filter_iterator_base: anomalous brief (too long, reads like a description (201 chars)): "Construct the iterator. The begin iterator needs to know where the end is, so that it can properly s..."

An issue occurred during execution.
If you believe this is a bug, please report it at https://github.com/cppalliance/mrdocs/issues
with the following details:
    MrDocs Version: 0.8.0 (Build: bc8722535fba9a2811a8f9d0cadfe04e4248478b)
    Reported From: `src/mrdocs/Extensions/LuaBinding.cpp` at line 138

llvm/include/llvm/Support/raw_ostream.h:350:3:
    1) is_displayed: anomalous brief (too long, reads like a description (188 chars)): "This function determines if this stream is connected to a "tty" or "console" window. That is, the ou..."

An issue occurred during execution.
If you believe this is a bug, please report it at https://github.com/cppalliance/mrdocs/issues
with the following details:
    MrDocs Version: 0.8.0 (Build: bc8722535fba9a2811a8f9d0cadfe04e4248478b)
    Reported From: `src/mrdocs/Extensions/LuaBinding.cpp` at line 138

llvm/include/llvm/Support/Error.h:521:3:
    1) Expected: anomalous brief (too long, reads like a description (176 chars)): "Forbid to convert from Error::success() implicitly, this avoids having Expected<T> foo() { return Er..."

An issue occurred during execution.
If you believe this is a bug, please report it at https://github.com/cppalliance/mrdocs/issues
with the following details:
    MrDocs Version: 0.8.0 (Build: bc8722535fba9a2811a8f9d0cadfe04e4248478b)
    Reported From: `src/mrdocs/Extensions/LuaBinding.cpp` at line 138

    1) raw_fd_ostream: anomalous brief (too long, reads like a description (216 chars)): "Open the specified file for writing. If an error occurs, information about the error is put into EC,..."

An issue occurred during execution.
If you believe this is a bug, please report it at https://github.com/cppalliance/mrdocs/issues
with the following details:
    MrDocs Version: 0.8.0 (Build: bc8722535fba9a2811a8f9d0cadfe04e4248478b)
    Reported From: `src/mrdocs/Extensions/LuaBinding.cpp` at line 138

llvm/include/llvm/ADT/STLExtras.h:1349:1:
    1) indexed_accessor_range: anomalous brief (too long, reads like a description (415 chars)): "This class provides an implementation of a range of indexed_accessor_iterators where the base is not..."

An issue occurred during execution.
If you believe this is a bug, please report it at https://github.com/cppalliance/mrdocs/issues
with the following details:
    MrDocs Version: 0.8.0 (Build: bc8722535fba9a2811a8f9d0cadfe04e4248478b)
    Reported From: `src/mrdocs/Extensions/LuaBinding.cpp` at line 138

llvm/include/llvm/Support/raw_ostream.h:390:3:
    1) SetBuffer: anomalous brief (too long, reads like a description (213 chars)): "Use the provided buffer as the raw_ostream buffer. This is intended for use only by subclasses which..."

An issue occurred during execution.
If you believe this is a bug, please report it at https://github.com/cppalliance/mrdocs/issues
with the following details:
    MrDocs Version: 0.8.0 (Build: bc8722535fba9a2811a8f9d0cadfe04e4248478b)
    Reported From: `src/mrdocs/Extensions/LuaBinding.cpp` at line 138

llvm/include/llvm/ADT/STLExtras.h:1836:1:
    1) find_singleton: anomalous brief (too long, reads like a description (228 chars)): "Return the single value in Range that satisfies P(<member of Range> *, AllowRepeats)->T * returning ..."

An issue occurred during execution.
If you believe this is a bug, please report it at https://github.com/cppalliance/mrdocs/issues
with the following details:
    MrDocs Version: 0.8.0 (Build: bc8722535fba9a2811a8f9d0cadfe04e4248478b)
    Reported From: `src/mrdocs/Extensions/LuaBinding.cpp` at line 138

llvm/include/llvm/ADT/STLExtras.h:2173:1:
    1) equal_to: anomalous brief (too long, reads like a description (213 chars)): "Functor variant of std::equal_to that can be used as a UnaryPredicate in functional algorithms like ..."

An issue occurred during execution.
If you believe this is a bug, please report it at https://github.com/cppalliance/mrdocs/issues
with the following details:
    MrDocs Version: 0.8.0 (Build: bc8722535fba9a2811a8f9d0cadfe04e4248478b)
    Reported From: `src/mrdocs/Extensions/LuaBinding.cpp` at line 138

llvm/include/llvm/ADT/STLExtras.h:1595:1:
    1) array_pod_sort: anomalous brief (too long, reads like a description (445 chars)): "array_pod_sort - This sorts an array with the specified start and end extent. This is just like std:..."

An issue occurred during execution.
If you believe this is a bug, please report it at https://github.com/cppalliance/mrdocs/issues
with the following details:
    MrDocs Version: 0.8.0 (Build: bc8722535fba9a2811a8f9d0cadfe04e4248478b)
    Reported From: `src/mrdocs/Extensions/LuaBinding.cpp` at line 138

llvm/include/llvm/ADT/Sequence.h:386:1:
    1) enum_seq: anomalous brief (too long, reads like a description (393 chars)): "Iterate over an enum type from Begin up to - but not including - End, even when EnumT is not marked ..."

An issue occurred during execution.
If you believe this is a bug, please report it at https://github.com/cppalliance/mrdocs/issues
with the following details:
    MrDocs Version: 0.8.0 (Build: bc8722535fba9a2811a8f9d0cadfe04e4248478b)
    Reported From: `src/mrdocs/Extensions/LuaBinding.cpp` at line 138

llvm/include/llvm/ADT/StringRef.h:888:1:
    1) StringLiteral: anomalous brief (too long, reads like a description (268 chars)): "A wrapper around a string literal that serves as a proxy for constructing global tables of StringRef..."

An issue occurred during execution.
If you believe this is a bug, please report it at https://github.com/cppalliance/mrdocs/issues
with the following details:
    MrDocs Version: 0.8.0 (Build: bc8722535fba9a2811a8f9d0cadfe04e4248478b)
    Reported From: `src/mrdocs/Extensions/LuaBinding.cpp` at line 138

llvm/include/llvm/Support/BLAKE3.h:83:3:
    1) final: anomalous brief (too long, reads like a description (171 chars)): "Finalize the hasher and return an output of any length, given in bytes. This doesn't modify the hash..."

An issue occurred during execution.
If you believe this is a bug, please report it at https://github.com/cppalliance/mrdocs/issues
with the following details:
    MrDocs Version: 0.8.0 (Build: bc8722535fba9a2811a8f9d0cadfe04e4248478b)
    Reported From: `src/mrdocs/Extensions/LuaBinding.cpp` at line 138

    1) toNullTerminatedStringRef: anomalous brief (too long, reads like a description (207 chars)): "This returns the twine as a single null terminated StringRef if it can be represented as such. Other..."

An issue occurred during execution.
If you believe this is a bug, please report it at https://github.com/cppalliance/mrdocs/issues
with the following details:
    MrDocs Version: 0.8.0 (Build: bc8722535fba9a2811a8f9d0cadfe04e4248478b)
    Reported From: `src/mrdocs/Extensions/LuaBinding.cpp` at line 138

llvm/include/llvm/ADT/SmallVector.h:133:3:
    1) getFirstEl: anomalous brief (too long, reads like a description (208 chars)): "Find the address of the first element. For this pointer math to be valid with small-size of 0 for T ..."

An issue occurred during execution.
If you believe this is a bug, please report it at https://github.com/cppalliance/mrdocs/issues
with the following details:
    MrDocs Version: 0.8.0 (Build: bc8722535fba9a2811a8f9d0cadfe04e4248478b)
    Reported From: `src/mrdocs/Extensions/LuaBinding.cpp` at line 138

llvm/include/llvm/ADT/PagedVector.h:145:3:
    1) resize: anomalous brief (too long, reads like a description (193 chars)): "Resize the vector. Notice that the constructor of the elements will not be invoked until an element ..."

An issue occurred during execution.
If you believe this is a bug, please report it at https://github.com/cppalliance/mrdocs/issues
with the following details:
    MrDocs Version: 0.8.0 (Build: bc8722535fba9a2811a8f9d0cadfe04e4248478b)
    Reported From: `src/mrdocs/Extensions/LuaBinding.cpp` at line 138

    1) AddSignalHandler: anomalous brief (too long, reads like a description (366 chars)): "Add a function to be called when an abort/kill signal is delivered to the process. The handler can h..."

An issue occurred during execution.
If you believe this is a bug, please report it at https://github.com/cppalliance/mrdocs/issues
with the following details:
    MrDocs Version: 0.8.0 (Build: bc8722535fba9a2811a8f9d0cadfe04e4248478b)
    Reported From: `src/mrdocs/Extensions/LuaBinding.cpp` at line 138

llvm/include/llvm/ADT/CoalescingBitVector.h:410:3:
    1) find: anomalous brief (too long, reads like a description (235 chars)): "Return an iterator pointing to the first set bit AT, OR AFTER, Index. If no such set bit exists, ret..."

An issue occurred during execution.
If you believe this is a bug, please report it at https://github.com/cppalliance/mrdocs/issues
with the following details:
    MrDocs Version: 0.8.0 (Build: bc8722535fba9a2811a8f9d0cadfe04e4248478b)
    Reported From: `src/mrdocs/Extensions/LuaBinding.cpp` at line 138

llvm/include/llvm/ADT/ScopedHashTable.h:330:3:
    1) insertIntoScope: anomalous brief (too long, reads like a description (244 chars)): "insertIntoScope - This inserts the specified key/value at the specified (possibly not the current) s..."

An issue occurred during execution.
If you believe this is a bug, please report it at https://github.com/cppalliance/mrdocs/issues
with the following details:
    MrDocs Version: 0.8.0 (Build: bc8722535fba9a2811a8f9d0cadfe04e4248478b)
    Reported From: `src/mrdocs/Extensions/LuaBinding.cpp` at line 138

llvm/include/llvm/Support/ErrorHandling.h:52:1:
    1) ScopedFatalErrorHandler: anomalous brief (too long, reads like a description (169 chars)): "ScopedFatalErrorHandler - This is a simple helper class which just calls install_fatal_error_handler..."

An issue occurred during execution.
If you believe this is a bug, please report it at https://github.com/cppalliance/mrdocs/issues
with the following details:
    MrDocs Version: 0.8.0 (Build: bc8722535fba9a2811a8f9d0cadfe04e4248478b)
    Reported From: `src/mrdocs/Extensions/LuaBinding.cpp` at line 138

llvm/include/llvm/Support/LogicalResult.h:25:1:
    1) LogicalResult: anomalous brief (too long, reads like a description (616 chars)): "This class represents an efficient way to signal success or failure. It should be preferred over the..."

An issue occurred during execution.
If you believe this is a bug, please report it at https://github.com/cppalliance/mrdocs/issues
with the following details:
    MrDocs Version: 0.8.0 (Build: bc8722535fba9a2811a8f9d0cadfe04e4248478b)
    Reported From: `src/mrdocs/Extensions/LuaBinding.cpp` at line 138

    1) get_threadpool_strategy: anomalous brief (too long, reads like a description (307 chars)): "Build a strategy from a number of threads as a string provided in Num. When Num is above the max num..."

An issue occurred during execution.
If you believe this is a bug, please report it at https://github.com/cppalliance/mrdocs/issues
with the following details:
    MrDocs Version: 0.8.0 (Build: bc8722535fba9a2811a8f9d0cadfe04e4248478b)
    Reported From: `src/mrdocs/Extensions/LuaBinding.cpp` at line 138

llvm/include/llvm/ADT/SparseBitVector.h:42:1:
    1) SparseBitVectorElement: anomalous brief (too long, reads like a description (878 chars)): "SparseBitVector is an implementation of a bitvector that is sparse by only storing the elements that..."

An issue occurred during execution.
If you believe this is a bug, please report it at https://github.com/cppalliance/mrdocs/issues
with the following details:
    MrDocs Version: 0.8.0 (Build: bc8722535fba9a2811a8f9d0cadfe04e4248478b)
    Reported From: `src/mrdocs/Extensions/LuaBinding.cpp` at line 138

llvm/include/llvm/ADT/STLExtras.h:1439:1:
    1) less_first: anomalous brief (too long, reads like a description (182 chars)): "Function object to check whether the first component of a container supported by std::get (like std:..."

An issue occurred during execution.
If you believe this is a bug, please report it at https://github.com/cppalliance/mrdocs/issues
with the following details:
    MrDocs Version: 0.8.0 (Build: bc8722535fba9a2811a8f9d0cadfe04e4248478b)
    Reported From: `src/mrdocs/Extensions/LuaBinding.cpp` at line 138

llvm/include/llvm/Support/Casting.h:364:1:
    1) OptionalValueCast: anomalous brief (too long, reads like a description (176 chars)): "This cast trait provides std::optional<T> casting. This means that if you have a value type, you can..."

An issue occurred during execution.
If you believe this is a bug, please report it at https://github.com/cppalliance/mrdocs/issues
with the following details:
    MrDocs Version: 0.8.0 (Build: bc8722535fba9a2811a8f9d0cadfe04e4248478b)
    Reported From: `src/mrdocs/Extensions/LuaBinding.cpp` at line 138

llvm/include/llvm/ADT/ArrayRef.h:270:3:
    1) vec: anomalous brief (too short): "@}"

An issue occurred during execution.
If you believe this is a bug, please report it at https://github.com/cppalliance/mrdocs/issues
with the following details:
    MrDocs Version: 0.8.0 (Build: bc8722535fba9a2811a8f9d0cadfe04e4248478b)
    Reported From: `src/mrdocs/Extensions/LuaBinding.cpp` at line 138

llvm/include/llvm/ADT/ImmutableSet.h:1441:5:
    1) add: anomalous brief (too long, reads like a description (440 chars)): "Creates a new immutable set that contains all of the values of the original set with the addition of..."

An issue occurred during execution.
If you believe this is a bug, please report it at https://github.com/cppalliance/mrdocs/issues
with the following details:
    MrDocs Version: 0.8.0 (Build: bc8722535fba9a2811a8f9d0cadfe04e4248478b)
    Reported From: `src/mrdocs/Extensions/LuaBinding.cpp` at line 138

llvm/include/llvm/ADT/RewriteRope.h:63:1:
    1) RopePiece: anomalous brief (too long, reads like a description (212 chars)): "RopePiece - This class represents a view into a RopeRefCountString object. This allows references to..."

An issue occurred during execution.
If you believe this is a bug, please report it at https://github.com/cppalliance/mrdocs/issues
with the following details:
    MrDocs Version: 0.8.0 (Build: bc8722535fba9a2811a8f9d0cadfe04e4248478b)
    Reported From: `src/mrdocs/Extensions/LuaBinding.cpp` at line 138

    1) isCurrentDebugType: anomalous brief (too long, reads like a description (353 chars)): "isCurrentDebugType - Return true if the specified string is the debug type specified on the command ..."

An issue occurred during execution.
If you believe this is a bug, please report it at https://github.com/cppalliance/mrdocs/issues
with the following details:
    MrDocs Version: 0.8.0 (Build: bc8722535fba9a2811a8f9d0cadfe04e4248478b)
    Reported From: `src/mrdocs/Extensions/LuaBinding.cpp` at line 138

llvm/include/llvm/Support/raw_ostream.h:437:1:
    1) raw_pwrite_stream: anomalous brief (too long, reads like a description (212 chars)): "An abstract base class for streams implementations that also support a pwrite operation. This is use..."

An issue occurred during execution.
If you believe this is a bug, please report it at https://github.com/cppalliance/mrdocs/issues
with the following details:
    MrDocs Version: 0.8.0 (Build: bc8722535fba9a2811a8f9d0cadfe04e4248478b)
    Reported From: `src/mrdocs/Extensions/LuaBinding.cpp` at line 138

llvm/include/llvm/ADT/ArrayRef.h:275:3:
    1) operator vector<>: anomalous brief (too short): "@}"

An issue occurred during execution.
If you believe this is a bug, please report it at https://github.com/cppalliance/mrdocs/issues
with the following details:
    MrDocs Version: 0.8.0 (Build: bc8722535fba9a2811a8f9d0cadfe04e4248478b)
    Reported From: `src/mrdocs/Extensions/LuaBinding.cpp` at line 138

llvm/include/llvm/ADT/DirectedGraph.h:157:3:
    1) findEdgesTo: anomalous brief (too long, reads like a description (204 chars)): "Collect in EL, all the edges from this node to N. Return true if at least one edge was found, and fa..."

An issue occurred during execution.
If you believe this is a bug, please report it at https://github.com/cppalliance/mrdocs/issues
with the following details:
    MrDocs Version: 0.8.0 (Build: bc8722535fba9a2811a8f9d0cadfe04e4248478b)
    Reported From: `src/mrdocs/Extensions/LuaBinding.cpp` at line 138

llvm/include/llvm/Support/Threading.h:218:3:
    1) hardware_concurrency: anomalous brief (too long, reads like a description (258 chars)): "Returns a default thread strategy where all available hardware resources are to be used, except for ..."

An issue occurred during execution.
If you believe this is a bug, please report it at https://github.com/cppalliance/mrdocs/issues
with the following details:
    MrDocs Version: 0.8.0 (Build: bc8722535fba9a2811a8f9d0cadfe04e4248478b)
    Reported From: `src/mrdocs/Extensions/LuaBinding.cpp` at line 138

llvm/include/llvm/ADT/ImmutableSet.h:1457:5:
    1) unionSets: anomalous brief (too long, reads like a description (231 chars)): "Returns the union of A and B, computed in a single traversal that shares subtrees of both operands w..."

An issue occurred during execution.
If you believe this is a bug, please report it at https://github.com/cppalliance/mrdocs/issues
with the following details:
    MrDocs Version: 0.8.0 (Build: bc8722535fba9a2811a8f9d0cadfe04e4248478b)
    Reported From: `src/mrdocs/Extensions/LuaBinding.cpp` at line 138

llvm/include/llvm/Support/MathExtras.h:517:1:
    1) alignTo: anomalous brief (too long, reads like a description (246 chars)): "If non-zero Skew is specified, the return value will be a minimal integer that is greater than or eq..."

An issue occurred during execution.
If you believe this is a bug, please report it at https://github.com/cppalliance/mrdocs/issues
with the following details:
    MrDocs Version: 0.8.0 (Build: bc8722535fba9a2811a8f9d0cadfe04e4248478b)
    Reported From: `src/mrdocs/Extensions/LuaBinding.cpp` at line 138

    1) getFirstEl: anomalous brief (too long, reads like a description (208 chars)): "Find the address of the first element. For this pointer math to be valid with small-size of 0 for T ..."

An issue occurred during execution.
If you believe this is a bug, please report it at https://github.com/cppalliance/mrdocs/issues
with the following details:
    MrDocs Version: 0.8.0 (Build: bc8722535fba9a2811a8f9d0cadfe04e4248478b)
    Reported From: `src/mrdocs/Extensions/LuaBinding.cpp` at line 138

llvm/include/llvm/ADT/FoldingSet.h:233:3:
    1) ComputeHash: anomalous brief (too long, reads like a description (269 chars)): "Compute a strong hash value used to lookup the node in the FoldingSetBase. The hash value is not gua..."

An issue occurred during execution.
If you believe this is a bug, please report it at https://github.com/cppalliance/mrdocs/issues
with the following details:
    MrDocs Version: 0.8.0 (Build: bc8722535fba9a2811a8f9d0cadfe04e4248478b)
    Reported From: `src/mrdocs/Extensions/LuaBinding.cpp` at line 138

    1) CleanupOnSignal: anomalous brief (too long, reads like a description (374 chars)): "This function does the following: - clean up any temporary files registered with RemoveFileOnSignal(..."

An issue occurred during execution.
If you believe this is a bug, please report it at https://github.com/cppalliance/mrdocs/issues
with the following details:
    MrDocs Version: 0.8.0 (Build: bc8722535fba9a2811a8f9d0cadfe04e4248478b)
    Reported From: `src/mrdocs/Extensions/LuaBinding.cpp` at line 138

llvm/include/llvm/ADT/StringExtras.h:530:1:
    1) ListSeparator: anomalous brief (too long, reads like a description (168 chars)): "A helper class to return the specified delimiter string after the first invocation of operator Strin..."

An issue occurred during execution.
If you believe this is a bug, please report it at https://github.com/cppalliance/mrdocs/issues
with the following details:
    MrDocs Version: 0.8.0 (Build: bc8722535fba9a2811a8f9d0cadfe04e4248478b)
    Reported From: `src/mrdocs/Extensions/LuaBinding.cpp` at line 138

llvm/include/llvm/Support/Error.h:1117:1:
    1) expectedToOptional: anomalous brief (too long, reads like a description (168 chars)): "Convert an Expected to an std::optional without doing anything. This method should be used only wher..."

An issue occurred during execution.
If you believe this is a bug, please report it at https://github.com/cppalliance/mrdocs/issues
with the following details:
    MrDocs Version: 0.8.0 (Build: bc8722535fba9a2811a8f9d0cadfe04e4248478b)
    Reported From: `src/mrdocs/Extensions/LuaBinding.cpp` at line 138

llvm/include/llvm/Support/Error.h:215:3:
    1) operator=: anomalous brief (too long, reads like a description (246 chars)): "Move-assign an error value. The current error must represent success, you you cannot overwrite an un..."

An issue occurred during execution.
If you believe this is a bug, please report it at https://github.com/cppalliance/mrdocs/issues
with the following details:
    MrDocs Version: 0.8.0 (Build: bc8722535fba9a2811a8f9d0cadfe04e4248478b)
    Reported From: `src/mrdocs/Extensions/LuaBinding.cpp` at line 138

    1) FoldingSet: anomalous brief (too long, reads like a description (184 chars)): "This template class is used to instantiate a specialized implementation of the folding set to the no..."

An issue occurred during execution.
If you believe this is a bug, please report it at https://github.com/cppalliance/mrdocs/issues
with the following details:
    MrDocs Version: 0.8.0 (Build: bc8722535fba9a2811a8f9d0cadfe04e4248478b)
    Reported From: `src/mrdocs/Extensions/LuaBinding.cpp` at line 138

llvm/include/llvm/ADT/SetOperations.h:63:1:
    1) set_intersect: anomalous brief (too long, reads like a description (212 chars)): "set_intersect(A, B) - Compute A := A ^ B Identical to set_intersection, except that it works on set<..."

An issue occurred during execution.
If you believe this is a bug, please report it at https://github.com/cppalliance/mrdocs/issues
with the following details:
    MrDocs Version: 0.8.0 (Build: bc8722535fba9a2811a8f9d0cadfe04e4248478b)
    Reported From: `src/mrdocs/Extensions/LuaBinding.cpp` at line 138

llvm/include/llvm/ADT/CoalescingBitVector.h:379:5:
    1) advanceToLowerBound: anomalous brief (too long, reads like a description (267 chars)): "Advance the iterator to the first set bit AT, OR AFTER, Index. If no such set bit exists, advance to..."

An issue occurred during execution.
If you believe this is a bug, please report it at https://github.com/cppalliance/mrdocs/issues
with the following details:
    MrDocs Version: 0.8.0 (Build: bc8722535fba9a2811a8f9d0cadfe04e4248478b)
    Reported From: `src/mrdocs/Extensions/LuaBinding.cpp` at line 138

llvm/include/llvm/Support/raw_ostream.h:186:3:
    1) SetUnbuffered: anomalous brief (too long, reads like a description (186 chars)): "Set the stream to be unbuffered. When unbuffered, the stream will flush after every write. This rout..."

An issue occurred during execution.
If you believe this is a bug, please report it at https://github.com/cppalliance/mrdocs/issues
with the following details:
    MrDocs Version: 0.8.0 (Build: bc8722535fba9a2811a8f9d0cadfe04e4248478b)
    Reported From: `src/mrdocs/Extensions/LuaBinding.cpp` at line 138

llvm/include/llvm/ADT/IntervalMap.h:2321:1:
    1) IntervalMapOverlaps: anomalous brief (too long, reads like a description (165 chars)): "IntervalMapOverlaps - Iterate over the overlaps of mapped intervals in two IntervalMaps. The maps ma..."

An issue occurred during execution.
If you believe this is a bug, please report it at https://github.com/cppalliance/mrdocs/issues
with the following details:
    MrDocs Version: 0.8.0 (Build: bc8722535fba9a2811a8f9d0cadfe04e4248478b)
    Reported From: `src/mrdocs/Extensions/LuaBinding.cpp` at line 138

llvm/include/llvm/Support/Format.h:101:1:
    1) format: anomalous brief (too long, reads like a description (190 chars)): "These are helper functions used to produce formatted output. They use template type deduction to con..."

An issue occurred during execution.
If you believe this is a bug, please report it at https://github.com/cppalliance/mrdocs/issues
with the following details:
    MrDocs Version: 0.8.0 (Build: bc8722535fba9a2811a8f9d0cadfe04e4248478b)
    Reported From: `src/mrdocs/Extensions/LuaBinding.cpp` at line 138

llvm/include/llvm/ADT/IntervalMap.h:1033:3:
    1) legalizeForInsert: anomalous brief (too long, reads like a description (274 chars)): "legalizeForInsert - Prepare the path for an insertion at Level. When the path is at end(), node(Leve..."

An issue occurred during execution.
If you believe this is a bug, please report it at https://github.com/cppalliance/mrdocs/issues
with the following details:
    MrDocs Version: 0.8.0 (Build: bc8722535fba9a2811a8f9d0cadfe04e4248478b)
    Reported From: `src/mrdocs/Extensions/LuaBinding.cpp` at line 138

    1) create: anomalous brief (too long, reads like a description (165 chars)): "Gets or creates a file at Path with a hash-mapped trie named TrieName. The hash size is NumHashBits ..."

An issue occurred during execution.
If you believe this is a bug, please report it at https://github.com/cppalliance/mrdocs/issues
with the following details:
    MrDocs Version: 0.8.0 (Build: bc8722535fba9a2811a8f9d0cadfe04e4248478b)
    Reported From: `src/mrdocs/Extensions/LuaBinding.cpp` at line 138

llvm/include/llvm/Support/Debug.h:72:9:
    1) DEBUG_WITH_TYPE: anomalous brief (too long, reads like a description (276 chars)): "DEBUG_WITH_TYPE macro - This macro should be used by passes to emit debug information. If the '-debu..."

An issue occurred during execution.
If you believe this is a bug, please report it at https://github.com/cppalliance/mrdocs/issues
with the following details:
    MrDocs Version: 0.8.0 (Build: bc8722535fba9a2811a8f9d0cadfe04e4248478b)
    Reported From: `src/mrdocs/Extensions/LuaBinding.cpp` at line 138

    1) inconvertibleErrorCode: anomalous brief (too long, reads like a description (415 chars)): "The value returned by this function can be returned from convertToErrorCode for Error values where n..."

An issue occurred during execution.
If you believe this is a bug, please report it at https://github.com/cppalliance/mrdocs/issues
with the following details:
    MrDocs Version: 0.8.0 (Build: bc8722535fba9a2811a8f9d0cadfe04e4248478b)
    Reported From: `src/mrdocs/Extensions/LuaBinding.cpp` at line 138

    1) logAllUnhandledErrors: anomalous brief (too long, reads like a description (164 chars)): "Log all errors (if any) in E to OS. If there are any errors, ErrorBanner will be printed before the ..."

An issue occurred during execution.
If you believe this is a bug, please report it at https://github.com/cppalliance/mrdocs/issues
with the following details:
    MrDocs Version: 0.8.0 (Build: bc8722535fba9a2811a8f9d0cadfe04e4248478b)
    Reported From: `src/mrdocs/Extensions/LuaBinding.cpp` at line 138

llvm/include/llvm/ADT/ImmutableMap.h:135:3:
    1) ImmutableMap: anomalous brief (too long, reads like a description (217 chars)): "Constructs a map from a pointer to a tree root. In general one should use a Factory object to create..."

An issue occurred during execution.
If you believe this is a bug, please report it at https://github.com/cppalliance/mrdocs/issues
with the following details:
    MrDocs Version: 0.8.0 (Build: bc8722535fba9a2811a8f9d0cadfe04e4248478b)
    Reported From: `src/mrdocs/Extensions/LuaBinding.cpp` at line 138

llvm/include/llvm/Support/Debug.h:83:9:
    1) DEBUG_WITH_TYPE: anomalous brief (too long, reads like a description (276 chars)): "DEBUG_WITH_TYPE macro - This macro should be used by passes to emit debug information. If the '-debu..."

An issue occurred during execution.
If you believe this is a bug, please report it at https://github.com/cppalliance/mrdocs/issues
with the following details:
    MrDocs Version: 0.8.0 (Build: bc8722535fba9a2811a8f9d0cadfe04e4248478b)
    Reported From: `src/mrdocs/Extensions/LuaBinding.cpp` at line 138

[0;37mGenerating docs
[0m[0;37mGenerated noop documentation in 0ms
[0mEXIT:1
